Release Year,Song,Artist,Album,Genre,Duration,Writer,Composer,Producer,Award
1990,Pasko Na Naman,Gary Valenciano,Pagkatao,Pop Christmas,4:28,Gary Valenciano,Gary Valenciano,Quincy Jones III,
1990,Pangako Sa 'Yo,Sharon Cuneta,Gets Mo Ko!,Ballad,4:32,George Canseco,George Canseco,Vic del Rosario Jr.,Awit Best Ballad
1990,Anak,Freddie Aguilar,The Best of Freddie Aguilar,Folk Rock,4:55,Freddie Aguilar,Freddie Aguilar,Freddie Aguilar,
1990,Maging Sino Ka Man,Ric Segreto,Maging Sino Ka Man,Pop Ballad,4:48,Freddie Saturno,Freddie Saturno,Vic del Rosario Jr.,Awit Best Pop
1990,Hindi Mo Amin Nakita,Joey Albert,Joey Albert,Ballad,4:15,George Canseco,George Canseco,Louie Ocampo,
1990,Kailangan Kita,Martin Nievera,Martin 1-2-3,Pop,4:22,George Canseco,George Canseco,Louie Ocampo,Star Best Male Performer
1990,Sana'y Wala Nang Wakas,Rey Valera,Sana'y Wala Nang Wakas,Ballad,5:01,Rey Valera,Rey Valera,Rey Valera,Awit Best Composer
1990,Walang Kapalit,Zsa Zsa Padilla,Walang Kapalit,Ballad,4:55,George Canseco,George Canseco,Louie Ocampo,Awit Best Female
1990,Nagmamahal Sa 'Yo,Gary Valenciano,Pagkatao,Pop Ballad,4:40,Gary Valenciano,Gary Valenciano,Mon Faustino,Awit Best Recording
1990,Sa Dulo Ng Walang Hanggan,Francis Magalona,Sa Dulo Ng Walang Hanggan,Pop Rap,4:28,Francis Magalona,Francis Magalona,Francis Magalona,
1990,Dahil Mahal Na Mahal Kita,Rodel Naval,Dahil Mahal Na Mahal Kita,Ballad,4:35,Rodel Naval,Rodel Naval,Vic del Rosario Jr.,
1990,Ikaw Pa Rin,Pops Fernandez,Ikaw Pa Rin,Pop,4:12,Pops Fernandez,Pops Fernandez,Louie Ocampo,Star Best Duet (w/Martin)
1990,Di Bale Na Lang,Raymond Lauchengco,Di Bale Na Lang,Pop,4:18,Raymond Lauchengco,Raymond Lauchengco,Ryan Cayabyab,
1990,Lumapit Dahan-Dahan,Hajji Alejandro,Lumapit Dahan-Dahan,Ballad,4:50,Hajji Alejandro,Hajji Alejandro,Vic del Rosario Jr.,
1990,Di Ko Kaya,Rachel Alejandro,Di Ko Kaya,Pop Ballad,4:42,Vehnee Saturno,Vehnee Saturno,Vic del Rosario Jr.,Awit Best New Artist
1990,Paano Na,Jackielou Blanco,Paano Na,Pop Ballad,4:30,George Canseco,George Canseco,Vic del Rosario Jr.,
1990,Patawarin Mo,Vanessa Bell,Single,Ballad,4:25,George Canseco,George Canseco,Vehnee Saturno,
1990,Di Na Muli,Imelda Papin,Di Na Muli,Ballad,5:10,Imelda Papin,Imelda Papin,Imelda Papin,
1990,Pag-ibig Na Walang Hanggan,Rudy Fernandez,Single,Pop Ballad,4:38,George Canseco,George Canseco,Rudy Fernandez,
1990,Mahal Pa Rin Kita,Roselle Nava,Single,Ballad,4:45,Roselle Neri,Roselle Nava,Louie Ocampo,
1990,Di Ka Sayang,Janno Gibbs,Single,Pop,4:20,Janno Gibbs,Janno Gibbs,Ryan Cayabyab,
1990,Pangako,Ariel Rivera,Single,Ballad,4:28,Ariel Rivera,Ariel Rivera,Louie Ocampo,Star Best New Male Artist
1990,Di Makalimutan,Eva Eugenio,Single,Ballad,4:35,Eva Eugenio,Eva Eugenio,Willy Cruz,
1990,Sa Ilalim ng Bituin,Bituin Escalante,Single,Pop,4:15,Bituin Escalante,Bituin Escalante,Jonathan Manalo,
1990,Di Na Babalik,Marion Sambutan,Single,Pop,4:10,Marion Sambutan,Marion Sambutan,Marion Aunor,
1990,Mahal Kita,Rico J. Puno,Single,Pop,3:55,Rico J. Puno,Rico J. Puno,Rico J. Puno,
1990,Di Ko Na Sasabihin,Claire dela Fuente,Single,Ballad,4:40,Claire dela Fuente,Claire dela Fuente,Willy Cruz,
1990,Pangarap,Noel Cabangon,Single,Folk Pop,4:50,Noel Cabangon,Noel Cabangon,Noel Cabangon,
1990,Walang Hanggang Pag-ibig,Dingdong Avanzado,Single,Ballad,4:32,Dingdong Avanzado,Dingdong Avanzado,Dingdong Avanzado,
1990,Kailan Ko Ba Sasabihin,Jerome John,Single,Ballad,4:18,Jerome John,Jerome John,Vehnee Saturno,
1990,Mga Kababayan Ko,Francis Magalona,Yo!,Pinoy Hip Hop,3:39,Francis Magalona,Jimmy Antiporda,Jimmy Antiporda,Awit Award for Best Rap Recording
1990,Cold Summer Nights,Francis Magalona,Yo!,R&B / Rap,4:32,Bob Guzman,Jimmy Antiporda,Jimmy Antiporda,
1990,Gotta Let 'Cha Know,Francis Magalona,Yo!,Hip Hop / Pop,3:55,Francis Magalona,Jimmy Antiporda,Jimmy Antiporda,
1990,Man From Manila,Francis Magalona,Yo!,Hip Hop,3:45,Francis Magalona,Jimmy Antiporda,Jimmy Antiporda,Awit Award for Best Rap Recording
1990,Urong Sulong,Regine Velasquez,Nineteen 90,Pop,3:30,Christine Bendebel,Christine Bendebel,Regine Velasquez,
1990,Narito Ako,Regine Velasquez,Nineteen 90,Ballad,4:43,Nonong Pedero,Nonong Pedero,Regine Velasquez,
1990,I Have To Say Goodbye,Regine Velasquez,Nineteen 90,Ballad,3:56,Martin Nievera,Louie Ocampo,Regine Velasquez,
1990,Will I Survive,Introvoys,Breaking New Grounds,Pop Rock,2:57,Paco Arespacochaga,Paco Arespacochaga,Introvoys,
1990,Calling All Nations,Introvoys,Back to the Roots,Pop Rock,2:56,Paco Arespacochaga,Paco Arespacochaga,Introvoys,
1990,Kaibigan,Introvoys,Back to the Roots,Folk Rock,3:36,Jonathan Buencamino,Paco Arespacochaga,Introvoys,
1990,Nadito Ako,Ogie Alcasid,Ogie Alcasid,Ballad,4:32,Aaron Paul del Rosario,Aaron Paul del Rosario,Ogie Alcasid,
1990,Sa Kanya,Ogie Alcasid,Ogie Alcasid,Ballad,4:18,Ito Rapadas,Ito Rapadas,Ogie Alcasid,
1990,Only You,Lea Salonga,Lea Salonga,Pop,3:55,Vehnee Saturno,Vehnee Saturno,Lea Salonga,
1990,The Journey,Lea Salonga,The Journey So Far,Inspirational,4:26,Julie Gold,Julie Gold,Lea Salonga,
1990,Sana Naman,Roeder,Single,Pop Ballad,4:15,Totel De Jesus,Louie Ocampo,Vehnee Saturno,
1990,Mula Sa Puso,Jude Michael,Single,Pop Ballad,4:35,Vehnee Saturno,Vehnee Saturno,Vehnee Saturno,
1990,Paminsan-minsan,Richard Reynoso,Richard Reynoso,Pop Ballad,4:28,Aaron Paul del Rosario,Aaron Paul del Rosario,Vehnee Saturno,
1990,Kahit Na,Zsa Zsa Padilla,Kahit Na,Ballad,4:05,Willy Cruz,Willy Cruz,Willy Cruz,
1990,Shout For Joy,Gary Valenciano,Shout For Joy,Gospel Pop,4:30,Gary Valenciano,Gary Valenciano,Gary Valenciano,Awit Award for Best Performance by a Male Recording Artist
1990,Natutulog Ba Ang Diyos,Gary Valenciano,Shout For Joy,Gospel,4:22,Nonong Pedero,Nonong Pedero,Gary Valenciano,FAMAS Best Movie Theme Song
1991,Bagong Taon,Gary Valenciano,Limits,Pop,4:15,Gary Valenciano,Gary Valenciano,Gary Valenciano,
1991,Kailan,Smokey Mountain,Smokey Mountain,Pop Rock,4:45,Ryan Cayabyab,Ryan Cayabyab,Ryan Cayabyab,Awit Album of the Year
1991,Sana Mahal Mo Rin,Roselle Neri,Single,Ballad,4:52,Roselle Neri,Roselle Neri,Vehnee Saturno,
1991,Minsan Lang Kita Mamahalin,Dingdong Avanzado,Single,Ballad,4:58,Dingdong Avanzado,Dingdong Avanzado,Dingdong Avanzado,Awit Best Ballad
1991,Basta't Kasama Kita,Ogie Alcasid,Single,Pop,4:30,Ogie Alcasid,Ogie Alcasid,Ogie Alcasid,Star Best Male Performer
1991,Hele ng Hele,Smokey Mountain,Smokey Mountain,Pop,4:20,Ryan Cayabyab,Ryan Cayabyab,Ryan Cayabyab,Awit Best Group Performance
1991,Di Bale,Ariel Rivera,Ariel Rivera,Pop Ballad,4:35,Ariel Rivera,Ariel Rivera,Vehnee Saturno,
1991,Pag-ibig Mo Lang,Martin Nievera,Martin 1-2-3,Ballad,4:40,George Canseco,George Canseco,Martin Nievera,
1991,Di Ko Na Makakalimutan,Joey Albert,Joey Albert,Ballad,4:25,George Canseco,George Canseco,Joey Albert,
1991,Sa Wakas,Sharon Cuneta,Sa Wakas,Ballad,5:05,George Canseco,George Canseco,Sharon Cuneta,Awit Best Female Performer
1991,Di Na Natuto,Basil Valdez,Di Na Natuto,Ballad,4:50,George Canseco,George Canseco,Gary Valenciano,
1991,Pangako ng Panginoon,Gary Valenciano,Limits,Pop Rock,4:42,Gary Valenciano,Gary Valenciano,Gary Valenciano,Awit Best Rock Song
1991,Mahal Ko Siya,Rannie Raymundo,Single,Pop,4:18,Rannie Raymundo,Rannie Raymundo,Rannie Raymundo,
1991,Di Ka Mag-Iisa,Pops Fernandez,Single,Ballad,4:38,Pops Fernandez,Pops Fernandez,Pops Fernandez,
1991,Patawad Pa Rin,Zsa Zsa Padilla,Patawad Pa Rin,Ballad,4:45,Zsa Zsa Padilla,Zsa Zsa Padilla,Willy Cruz,Awit Best Regional Song
1991,Di Ko Na Deserve,Janno Gibbs,Single,Pop,4:22,Janno Gibbs,Janno Gibbs,Janno Gibbs,
1991,Sana,Bituin Escalante,Single,Pop Ballad,4:35,Bituin Escalante,Bituin Escalante,Jonathan Manalo,
1991,Walang Iwanan,Francis Magalona,Single,Rap / Pop,4:12,Francis Magalona,Francis Magalona,Jimmy Antiporda,
1991,Di Na Muli,Rachel Alejandro,Single,Ballad,4:48,Vehnee Saturno,Vehnee Saturno,Rachel Alejandro,
1991,Pag-ibig,Rico J. Puno,Single,Pop,4:05,Rico J. Puno,Rico J. Puno,Rico J. Puno,
1991,Mahal Kita,Hajji Alejandro,Single,Ballad,4:40,Hajji Alejandro,Hajji Alejandro,Hajji Alejandro,
1991,Di Bale Na,Raymond Lauchengco,Single,Pop,4:15,Raymond Lauchengco,Raymond Lauchengco,Raymond Lauchengco,
1991,Pangarap Ko,Rey Valera,Single,Ballad,4:55,Rey Valera,Rey Valera,Rey Valera,
1991,Sa Piling Mo,Lani Misalucha,Single,Pop Ballad,4:42,Lani Misalucha,Lani Misalucha,Lani Misalucha,
1991,Di Ko Kaya,Marion Sambutan,Single,Ballad,4:30,Marion Sambutan,Marion Sambutan,Marion Aunor,
1991,Mahal Pa Rin,Eva Eugenio,Single,Ballad,4:38,Eva Eugenio,Eva Eugenio,Willy Cruz,
1991,Di Na Babalik,Imelda Papin,Single,Ballad,5:02,Imelda Papin,Imelda Papin,Imelda Papin,
1991,Pangako,Noel Cabangon,Single,Folk,4:50,Noel Cabangon,Noel Cabangon,Noel Cabangon,
1991,Walang Kapalit,Vanessa Bell,Single,Pop Ballad,4:28,Vanessa Bell,Vanessa Bell,Vehnee Saturno,
1991,Paraiso,Smokey Mountain,Paraiso,Pop / Environmental,5:10,Ryan Cayabyab,Ryan Cayabyab,Ryan Cayabyab,Awit Award for Best Performance by a Group
1991,Sana Kahit Minsan,Ariel Rivera,Ariel Rivera,Pop Ballad,4:32,Vehnee Saturno,Vehnee Saturno,Vehnee Saturno,Awit Award for Best Performance by a New Male Recording Artist
1991,Kapag Tumibok Ang Puso,Donna Cruz,Donna Cruz,Teen Pop,3:53,Aaron Paul del Rosario,Aaron Paul del Rosario,Vehnee Saturno,1992 Awit Award for Best New Female Recording Artist
1991,Mahal Kita Wala Nang Iba,Ogie Alcasid,Single,Pop Ballad,4:52,Ogie Alcasid,Ogie Alcasid,Ogie Alcasid,
1991,Iisang Bangka Tayo,The Dawn,Iiisang Bangka Tayo,Pinoy Rock,4:15,"Cris Michelena, Erwin Castillo",Gerry Nisperos,The Dawn,Finalis for Best Southeast Asian Music Video at the 1992 MTV VMAs
1991,Da Coconut Nut,Smokey Mountain,Paraiso,Novelty Pop,3:37,Ryan Cayabyab,Ryan Cayabyab,Ryan Cayabyab,
1991,Could You Be My Messiah,Gary Valenciano,Shout For Joy,Gospel Pop,4:52,Freddie Saturno,Vehnee Saturno,Gary Valenciano,
1991,Muli,Rodel Naval,Lumayo Ka Man Sa Akin,Pop Ballad,3:48,Rodel Naval,Vehnee Saturno,Vehnee Saturno,
1991,Bawal Na Gamot,Willy Garte,Nasaan Ang Liwanag,Pop Ballad,3:38,Willy Garte,Willy Garte,Willy Garte,
1991,Kahit Habang Buhay,Smokey Mountain,Paraiso,Pop Ballad,3:51,Ryan Cayabyab,Ryan Cayabyab,Ryan Cayabyab,
1991,Gaya Ng Dati,Gary Valenciano,Shout For Joy,Gospel Pop,4:43,Gary Valenciano,Gary Valenciano,Gary Valenciano,
1991,Lumayo Ka Man Sa Akin,Rodel Naval,Lumayo Ka Man Sa Akin,Pop Ballad,4:09,Rodel Naval,Mariya Takeuchi,Vehnee Saturno,
1991,High Energy,Manilyn Reyes,High Energy,Dance Pop,3:45,,,Manilyn Reyes,
1991,Sa Aking Puso,Ariel Rivera,Ariel Rivera,Pop Ballad,3:52,Vehnee Saturno,Vehnee Saturno,Vehnee Saturno,
1991,Tampuhan,Melissa Gibbs,Melissa Gibbs,Pop Ballad,4:22,Lisa Diy,Lisa Diy,Melissa Gibbs,
1991,My One and Only (Saigo No Iiwake),Keempee De Leon,Keempee De Leon,Pop Ballad,4:46,Keempee de Leon,Kanada,Keempee De Leon,
1991,Pagkakataon,Ogie Alcasid,Ogie Alcasid,Pop Ballad,4:21,Ogie Alcasid,Ogie Alcasid,Ogie Alcasid,
1991,I'm Markie D.!,Denmark,I'm Markie D.!,Rap,3:58,Denmark,Denmark,Denmark,
1991,Nahan Ka?,Smokey Mountain,Paraiso,Pop Ballad,3:53,Ryan Cayabyab,Ryan Cayabyab,Ryan Cayabyab,
1991,Malayo Pa Ang Umaga,Ariel Rivera,Ariel Rivera,Inspirational,4:18,Rey Valera,Rey Valera,Vehnee Saturno,
1991,Kahit Konting Pagtingin,Ric Segreto,Single,Pop Ballad,3:45,Willy Cruz,Wily Cruz,Ric Segreto,
1992,Happy New Year,Gary Valenciano,Single,Pop,4:10,Gary Valenciano,Gary Valenciano,Gary Valenciano,
1992,Doon Kasi,AfterImage,Doon Kasi,Rock,4:35,Wency Cornejo,Wency Cornejo,Wency Cornejo,Awit Best Rock Song
1992,Sana Maulit Muli,Gary Valenciano,Sana Maulit Muli,Ballad,5:12,Gary Valenciano,Gary Valenciano,Gary Valenciano,Awit Best Ballad
1992,Maging Loyal Ka Sana,Janno Gibbs,Maging Loyal Ka Sana,Pop,4:25,Janno Gibbs,Janno Gibbs,Janno Gibbs,
1992,Di Bale Nang Mag-Iisa,Ogie Alcasid,Single,Ballad,4:48,Ogie Alcasid,Ogie Alcasid,Ogie Alcasid,
1992,Kailangan Kita,Ariel Rivera,Ariel Rivera,Pop Ballad,4:35,Ariel Rivera,Ariel Rivera,Vehnee Saturno,Star Best Male
1992,Di Ko Na Deserve,Sharon Cuneta,Single,Ballad,4:42,Sharon Cuneta,Sharon Cuneta,Sharon Cuneta,
1992,Pag-ibig Na Walang Hanggan,Martin Nievera,Single,Ballad,4:38,George Canseco,George Canseco,Martin Nievera,
1992,Hele ng Hele (Remix),Smokey Mountain,Paradise,Pop,4:28,Ryan Cayabyab,Ryan Cayabyab,Ryan Cayabyab,
1992,Di Na Natuto,Joey Albert,Single,Ballad,4:50,George Canseco,George Canseco,Joey Albert,
1992,Pangako,Pops Fernandez,Single,Pop,4:30,Pops Fernandez,Pops Fernandez,Pops Fernandez,
1992,Walang Hanggang Pag-ibig,Dingdong Avanzado,Single,Ballad,4:32,Dingdong Avanzado,Dingdong Avanzado,Dingdong Avanzado,Awit Best Seller
1992,Di Ka Sayang,Zsa Zsa Padilla,Single,Pop Ballad,4:45,Zsa Zsa Padilla,Zsa Zsa Padilla,Willy Cruz,
1992,Mahal Kita,Rico J. Puno,Single,Pop,3:58,Rico J. Puno,Rico J. Puno,Rico J. Puno,
1992,Sa Ilalim ng Bituin,Bituin Escalante,Single,Pop,4:15,Bituin Escalante,Bituin Escalante,Jonathan Manalo,
1992,Di Makalimutan,Rachel Alejandro,Single,Ballad,4:35,Vehnee Saturno,Vehnee Saturno,Rachel Alejandro,
1992,Patawarin Mo,Rey Valera,Single,Ballad,4:55,Rey Valera,Rey Valera,Rey Valera,
1992,Di Bale,Francis Magalona,Single,Rap / Pop,4:12,Francis Magalona,Francis Magalona,Jimmy Antiporda,
1992,Mahal Ko Siya,Rannie Raymundo,Single,Pop,4:18,Rannie Raymundo,Rannie Raymundo,Rannie Raymundo,
1992,Di Na Muli,Hajji Alejandro,Single,Ballad,4:40,Hajji Alejandro,Hajji Alejandro,Hajji Alejandro,
1992,Pangarap,Noel Cabangon,Single,Folk Pop,4:50,Noel Cabangon,Noel Cabangon,Noel Cabangon,
1992,Walang Iwanan,Lani Misalucha,Single,Pop Ballad,4:42,Lani Misalucha,Lani Misalucha,Lani Misalucha,
1992,Di Ko Kaya,Eva Eugenio,Single,Ballad,4:30,Eva Eugenio,Eva Eugenio,Willy Cruz,
1992,Mahal Pa Rin,Imelda Papin,Single,Ballad,4:38,Imelda Papin,Imelda Papin,Imelda Papin,
1992,Di Na Babalik,Vanessa Bell,Single,Pop,4:28,Vanessa Bell,Vanessa Bell,Vehnee Saturno,
1992,Ikaw Pa Rin,Jerome John,Single,Pop,4:18,Jerome John,Jerome John,Vehnee Saturno,
1992,Maging Loyal Ka Sana (Remix),Janno Gibbs,Single,Pop,4:22,Janno Gibbs,Janno Gibbs,Janno Gibbs,
1992,Doon Kasi (Live),AfterImage,Single,Rock,4:40,Wency Cornejo,Wency Cornejo,Wency Cornejo,
1992,Sana Maulit Muli (Duet),Gary V & Regine Velasquez,Single,Ballad,5:05,Gary Valenciano,Gary Valenciano,Gary Valenciano,Star Best Duet
1992,Kailangan Kita (Remix),Ariel Rivera,Single,Pop Ballad,4:35,Ariel Rivera,Ariel Rivera,Vehnee Saturno,
1992,Tell Me,Joey Albert,The Ultimate OPM Collection,Ballad,4:10,Louie Ocampo,Louie Ocampo,Joey Albert,Awit Best Performance
1992,Iisxan Na Kita,Ogie Alcasid,Bawat Sandali,Pop Ballad,4:35,Ogie Alcasid,Ogie Alcasid,Ogie Alcasid,
1992,Better Not Complain,James Ingram,James Ingram,R&B / Soul,4:10,James Ingram,James Ingram,James Ingram,
1992,Panalangin,APO Hiking Society,1 - 2 - 3,Pop,3:50,Jim Paredes,Jim Paredes,APO Hiking Society,
1992,Simple Lang,Ariel Rivera,Simple Lang,Pop Ballad,4:12,Vehnee Saturno,Vehnee Saturno,Vehnee Saturno,
1992,Without Your Love,Ariel Rivera,Simple Lang,Pop Ballad,4:28,Ariel Rivera,Ariel Rivera,Vehnee Saturno,
1992,Everlasting Love,The Company,Yon Na!,Contemporary Pop,4:45,Rina Caniza,Luigi De Dios & Moy Ortiz,The Company,Awit Award for Best Composition
1992,Hindi Mo Na Ba Minamahal,Dingdong Avanzado,Coming Home,Ballad,4:38,Aaron Paul del Rosario,Aaron Paul del Rosario,Dingdong Avanzado,
1992,Shake It Baby,Manilyn Reyes,Manilyn!,Dance Pop,3:58,Norman Caraan,Norman Caraan,Manilyn Reyes,
1992,Paano Na Ang Pag-ibig,Keempee De Leon,Keempee De Leon,Pop Ballad,4:42,Keempee de Leon,Keempee de Leon,Keempee De Leon,
1992,Love Is On The Way,Jamie Rivera,Jamie Rivera,Pop,4:30,Jamie Rivera,Jamie Rivera,Jamie Rivera,
1992,Paan Ba Ang Mag Isa,Ogie Alcasid,Bawat Sandali,Ballad,4:25,Ogie Alcasid,Ogie Alcasid,Ogie Alcasid,
1992,Tell Me,Janet Arnaiz,Janet Arnaiz,Pop Ballad,4:50,Louie Ocampo,Louie Ocampo,Janet Arnaiz,
1992,Radio Rap,Michael V.,Michael V.,Novelty / Rap,3:55,Michael V.,Michael V.,Michael V.,
1992,Whenever You Need Me,Keno,Keno,Teen Pop,4:18,Keno,Keno,Keno,
1992,Panaginip,Lara De Leon,Lara,Pop Ballad,4:20,Lara De Leon,Lara De Leon,Lara De Leon,
1992,Pwede Ba,Dingdong Avanzado,Coming Home,Pop,4:32,Dingdong Avanzado,Dingdong Avanzado,Dingdong Avanzado,
1992,Kahit Minsan Lang,Jennifer Medoza,Jennifer Mendoza,Pop Ballad,4:45,Jennifer Mendoza,Jennifer Mendoza,Jennifer Mendoza,
1992,Sige Na Naman,Archie D.,Archie D.,Dance Pop,4:15,Archie D.,Archie D.,Archie D.,
1992,Shake Yer Head,Easerheads,Ultraelectromagneticpop!,Alt Rock,4:12,Ely Buendia,Ely Buendia,Robin Rivera,
1993,Pare Ko,Eraserheads,Ultraelectromagneticpop!,Rock,3:58,Ely Buendia,Ely Buendia,Robin Rivera,Awit Best Rock Album
1993,Magasin,Eraserheads,Ultraelectromagneticpop!,Rock,4:02,Ely Buendia,Ely Buendia,Robin Rivera,Nu Rock Best Song
1993,Kumusta Ka,True Faith,Kumusta Ka,Pop Rock,4:35,Meding Valbuena,Meding Valbuena,True Faith,Awit Best Pop Rock
1993,Ikaw Pa Rin ang Pipiliin Ko,Ariel Rivera,Ariel Rivera II,Ballad,4:48,Ariel Rivera,Ariel Rivera,Vehnee Saturno,Star Best Ballad
1993,Sana Maulit Muli,Gary Valenciano,Single,Ballad,5:12,Gary Valenciano,Gary Valenciano,Gary Valenciano,
1993,Di Bale Nang Mag-Iisa,Ogie Alcasid,Single,Ballad,4:48,Ogie Alcasid,Ogie Alcasid,Ogie Alcasid,
1993,Minsan,Smokey Mountain,Single,Pop,4:25,Ryan Cayabyab,Ryan Cayabyab,Ryan Cayabyab,
1993,Pangako,Sharon Cuneta,Single,Ballad,4:32,George Canseco,George Canseco,Sharon Cuneta,
1993,Walang Kapalit,Zsa Zsa Padilla,Single,Ballad,4:55,George Canseco,George Canseco,Willy Cruz,
1993,Mahal Kita,Martin Nievera,Single,Pop,4:22,George Canseco,George Canseco,Martin Nievera,
1993,Di Ko Na Deserve,Janno Gibbs,Single,Pop,4:25,Janno Gibbs,Janno Gibbs,Janno Gibbs,
1993,Hele ng Hele,Rivermaya,Single,Pop Rock,4:20,Rico Blanco,Rico Blanco,Rico Blanco,
1993,Di Makalimutan,Joey Albert,Single,Ballad,4:35,George Canseco,George Canseco,Joey Albert,
1993,Pag-ibig,Rico J. Puno,Single,Pop,4:05,Rico J. Puno,Rico J. Puno,Rico J. Puno,
1993,Sa Piling Mo,Pops Fernandez,Single,Pop Ballad,4:42,Pops Fernandez,Pops Fernandez,Pops Fernandez,
1993,Di Na Muli,Rachel Alejandro,Single,Ballad,4:48,Vehnee Saturno,Vehnee Saturno,Rachel Alejandro,
1993,Mahal Ko Siya,Rey Valera,Single,Ballad,4:55,Rey Valera,Rey Valera,Rey Valera,
1993,Pangarap Ko,Bituin Escalante,Single,Pop,4:15,Bituin Escalante,Bituin Escalante,Jonathan Manalo,
1993,Walang Hanggang Pag-ibig,Francis Magalona,Single,Rap / Pop,4:12,Francis Magalona,Francis Magalona,Jimmy Antiporda,
1993,Di Bale,Hajji Alejandro,Single,Ballad,4:40,Hajji Alejandro,Hajji Alejandro,Hajji Alejandro,
1993,Sana,Lani Misalucha,Single,Pop Ballad,4:35,Lani Misalucha,Lani Misalucha,Lani Misalucha,
1993,Di Ko Kaya,Eva Eugenio,Single,Ballad,4:30,Eva Eugenio,Eva Eugenio,Willy Cruz,
1993,Mahal Pa Rin,Imelda Papin,Single,Ballad,4:38,Imelda Papin,Imelda Papin,Imelda Papin,
1993,Di Na Babalik,Noel Cabangon,Single,Folk,4:50,Noel Cabangon,Noel Cabangon,Noel Cabangon,
1993,Toyang,Eraserheads,Ultraelectromagneticpop!,Rock,3:45,Ely Buendia,Ely Buendia,Robin Rivera,
1993,Maling Akala,Eraserheads,Ultraelectromagneticpop!,Rock,3:52,Ely Buendia,Ely Buendia,Robin Rivera,
1993,Tirahan,Eraserheads,Ultraelectromagneticpop!,Rock,3:48,Ely Buendia,Ely Buendia,Robin Rivera,
1993,With a Smile (Demo),Eraserheads,Single,Rock,4:10,Ely Buendia,Ely Buendia,Robin Rivera,
1993,Kailan Pa Ba,South Border,Single,R&B,4:28,Jay Durias,Jay Durias,South Border,Awit Best R&B
1993,Ligaya,Easerheads,Ultraelectromagneticpop!,Pinoy Rock / Alt Rock,4:29,Ely Buendia,Ely Buendia,Robin Rivera,
1993,Perfect,True Faith,Perfect,Pop Rock / Alt Rock,4:23,Medwin Marfil,Ferdie Marquez,True Faith,
1993,Bakit Labis Kitang Mahal,Lea Salonga,Single,Pop Ballad,4:22,Alex Mallillin,Alex Mallillin,Lea Salonga,
1993,Dahil Mahal Kita,Ogie Alcasid,Single,Pop Ballad,3:45,Ogie Alcasid,Ogie Alcasid,Ogie Alcasid,Awit Award for Best Original Pilipino Music; CMMA Best Movie Theme Song
1993,Tindahan Ni Aling Nena,Eraserheads,Ultraelectromagneticpop!,Pinoy Rock,3:05,Ely Buendia,Ely Buendia,Robin Rivera,
1993,Iisang Bangka  ,The Dawn,P Manila,Pinoy Rock / New Wave,4:15,Cris Michelena,Gerry Nisperors,The Dawn,
1993,Bakit Pa,Jessa Zaragoza,Phenomenal,Pop Ballad,4:48,Vehnee Saturno,Vehnee Saturno,Vehnee Saturno,
1993,Hanggang Kailan,Janet Arnaiz,Dito,Pop Ballad,4:13,Janet Arnaiz,Janet Arnaiz,Janet Arnaiz,
1993,Hold On,Side A,By Your Side,Pop Ballad,4:55,Joey Benin,Joey Benin,Side A,
1993,Till My Heartache End,Ella May Saison,Single,Pop Ballad,4:25,Vehnee Saturno,Vehnee Saturno,Ella May Saison,
1993,"Isang Babalikan, Iisang Iiwan",Shirley Fuentes,Single,Pop Ballad,4:38,Vehnee Saturno,Vehnee Saturno,Shirley Fuentes,
1993,Meron Akong Ano!,Francis Magalona,Meron Akong Ano!,Pinoy Hip Hop,3:55,Francis Magalona,Francis Magalona,Jimmy Antiporda,
1993,Kasalanan Ba,Men Oppose,Single,Pop Rock,4:45,Men Oppose,Men Oppose,Men Oppose,
1993,How Did You Know,Chiqui Pineda,Single,Pop Ballad,4:40,Chiqui Pineda,Chiqui Pineda,Chiqui Pineda,
1993,Sama Sama,14-K,Single,Teen Pop,4:10,,,14-K,
1993,Kahit Bata Pa,Lilet,Single,Teen Pop,4:18,,,Lilet,
1993,Kung Alam Ko Lang,Richard Reynoso,Single,Pop Ballad,4:47,Richard Reynoso,Richard Reynoso,Richard Reynoso,
1993,Tuloy Pa Rin,Neocolours,Tuloy Pa Rin,Pop Rock,4:20,Ito Rapadas,Ito Rapadas,Neocolours,
1993,Shirley,Eraserheads,Ultraelectromagneticpop!,Pinoy Rock,4:02,Ely Buendia,Ely Buendia,Robin Rivera,
1993,Easy Ka Lang,Eraserheads,Ultraelectromagneticpop!,Pinoy Rock,3:58,Ely Buendia,Ely Buendia,Robin Rivera,
1993,Parting Time,Rockstar,Rockstar,Rock,4:32,Rockstar,Rockstar,Rockstar,
1994,214,Rivermaya,Rivermaya,Pop Rock,4:52,Rico Blanco,Rico Blanco,Rico Blanco,Awit Best Rock Album
1994,Elesi (The Ballad of Ong-ong),Rivermaya,Rivermaya,Rock,4:15,Rico Blanco,Rico Blanco,Rico Blanco,Nu Rock Song of the Year
1994,Para Sayo,Randy David,Single,Pop,4:30,Randy David,Randy David,Randy David,
1994,Nag-iisang Muli,Joey Albert,Nag-iisang Muli,Ballad,4:42,Joey Albert,Joey Albert,Joey Albert,Awit Best Ballad
1994,Alapaap,Eraserheads,Circus Coliseum,Ballad,5:12,Gary Valenciano,Gary Valenciano,Robin Rivera,
1994,Pare Ko (Live),Eraserheads,Circus Coliseum,Rock,4:05,Ely Buendia,Ely Buendia,Robin Rivera,
1994,Di Bale Nang Mag-Iisa,Ogie Alcasid,Single,Ballad,4:48,Ogie Alcasid,Ogie Alcasid,Ogie Alcasid,
1994,Kailangan Kita,Ariel Rivera,Single,Pop Ballad,4:35,Ariel Rivera,Ariel Rivera,Vehnee Saturno,
1994,Di Na Natuto,Basil Valdez,Single,Ballad,4:50,George Canseco,George Canseco,Gary Valenciano,
1994,Minsan Lang Kita Mamahalin,Dingdong Avanzado,Single,Ballad,4:58,Dingdong Avanzado,Dingdong Avanzado,Dingdong Avanzado,
1994,Walang Kapalit,Zsa Zsa Padilla,Single,Ballad,4:55,George Canseco,George Canseco,Willy Cruz,
1994,Mahal Kita,Martin Nievera,Single,Pop,4:22,George Canseco,George Canseco,Martin Nievera,
1994,Di Ko Na Deserve,Janno Gibbs,Single,Pop,4:25,Janno Gibbs,Janno Gibbs,Janno Gibbs,
1994,Hele ng Hele,Smokey Mountain,Single,Pop,4:20,Ryan Cayabyab,Ryan Cayabyab,Ryan Cayabyab,
1994,Pangako,Sharon Cuneta,Single,Ballad,4:32,George Canseco,George Canseco,Sharon Cuneta,
1994,Di Makalimutan,Joey Albert,Single,Ballad,4:35,George Canseco,George Canseco,Joey Albert,
1994,Pag-ibig,Rico J. Puno,Single,Pop,4:05,Rico J. Puno,Rico J. Puno,Rico J. Puno,
1994,Sa Piling Mo,Pops Fernandez,Single,Pop Ballad,4:42,Pops Fernandez,Pops Fernandez,Pops Fernandez,
1994,Di Na Muli,Rachel Alejandro,Single,Ballad,4:48,Vehnee Saturno,Vehnee Saturno,Rachel Alejandro,
1994,Mahal Ko Siya,Rey Valera,Single,Ballad,4:55,Rey Valera,Rey Valera,Rey Valera,
1994,Pangarap,Bituin Escalante,Single,Pop,4:15,Bituin Escalante,Bituin Escalante,Jonathan Manalo,
1994,Walang Hanggang Pag-ibig,Francis Magalona,Single,Rap / Pop,4:12,Francis Magalona,Francis Magalona,Jimmy Antiporda,
1994,Di Bale,Hajji Alejandro,Single,Ballad,4:40,Hajji Alejandro,Hajji Alejandro,Hajji Alejandro,
1994,Sana,Lani Misalucha,Single,Pop Ballad,4:35,Lani Misalucha,Lani Misalucha,Lani Misalucha,
1994,20,Rivermaya,Rivermaya,Pop Rock,4:08,Rico Blanco,Rico Blanco,Rico Blanco,
1994,With A Smile,Eraserheads,Circus   ,Rock,4:35,Ely Buendia,Ely Buendia,Robin Rivera,
1994,Alapaap,Eraserheads,Circus,Pop Rock,4:12,Ely Buendia,Ely Buendia,Robin Rivera,
1994,Higanti,Rivermaya,Rivermaya,Rock,3:58,Rico Blanco,Nathan Azarcon,Rico Blanco,
1994,Trip,Rivermaya,Single,Pop Rock,4:20,Rico Blanco,Rico Blanco,Rico Blanco,
1994,Magasin,Eraserheads,Circus,Alt Rock,4:10,Ely Buendia,Ely Buendia,Robin Rivera,
1994,Huling El Bimbo (Early Version),Eraserheads,Cutterpillow,Alt Rock,7:27,Ely Buendia,Ely Buendia,Robin Rivera,MTV Asia Viewer's Choice Award (1997); Katha Award for Best Rock Song
1994,Sembreak,Eraserheads,Circus,Punk Rock,4:06,Ely Buendia,Ely Buendia,Robin Rivera,
1994,Bring Me Down,Rivermaya,Rivermaya,Alt Rock,4:32,Rico  Blanco,Rico Blanco,Rico Blanco,
1994,Ground Control to Major Tom,Rivermaya,Rivermaya,Alt Rock,3:56,Rico  Blanco,Rico  Blanco,Rico Blanco,
1994,Ulan,Rivermaya,Rivermaya,Alt Rock,4:36,Rico  Blanco,Rico  Blanco,Rico Blanco,
1994,Awit ng Kabataan,Rivermaya,Rivermaya,Alt Rock,4:48,Rico  Blanco,Rico  Blanco,Rico Blanco,
1994,Sana Maulit Muli (Acoustic),Gary Valenciano,Single,Pop Ballad,5:12,Gary Valenciano,Gary Valenciano,Gary Valenciano,
1994,Kailan,Eraserheads,Circus,Pop,3:15,Eraserheads & UP Tropa,Ely Buendia,Robin Rivera,
1994,Bakit Labis Kitang Mahal,Lea Salonga,Single,Pop Ballad,4:22,Alex Mallillin,Alex Mallillin,Lea Salonga,
1994,Sana Kahit Minsan,Ariel Rivera,Single,Pop Ballad,4:32,Vehnee Saturno,Vehnee Saturno,Vehnee Saturno,
1994,"Bulag, Pipi at Bingi",Freddie Aguilar,Single,Folk Pop,4:10,Snaffu Rigor,Snaffu Rigor,Freddie Aguilar,Metropop Song Festival Grand Prize (1997 - Re-peaked in '94)
1994,Forevermore,Side A,By Your Side,Pop Ballad,4:55,Joey Benin,Joey Benin,Side A,Awit Award for Song of the Year (1996)
1994,So Many Questions,Side A,By Your Side,Pop Ballad,4:38,Joey Benin,Joey Benin,Side A,
1994,I'll Never Go,Nexxus,Single,Pop Ballad,4:42,Frank Singcol,Frank Singcol,Frank Singco,
1994,Mula Sa Puso,Jude Michael,Single,Pop Ballad,4:35,Vehnee Saturno,Vehnee Saturno,Vehnee Saturno,
1994,Multong Bakla,The Youth,Albino,Punk Rock,3:58,The Youth,The Youth,The Youth,
1994,Your Love,Alamid,Alamid,Pop Rock,4:55,Alamid,Alamid,Alamid,
1994,Bakit Nga Ba Mahal Kita,Roselle Nava,Roselle,Pop Ballad,4:48,Vehnee Saturno,Vehnee Saturno,Vehnee Saturno,
1994,On The Wings Of Love,Regine Velasquez,Listen Without Prejudice,Pop Ballad,4:10,Jeffrey Osborne,Peter Beckett,Regine Velasquez,
1994,Hataw Na,Gary Valenciano,Hataw Na,Dance Pop,4:12,Gary Valenciano,Gary Valenciano,Gary Valenciano,Awit Award for Best Performance by a Male Artist
1995,Ang Huling El Bimbo,Eraserheads,Cutterpillow,Alt Rock,7:27,Ely Buendia,Ely Buendia,Robin Rivera,MTV Asia Viewer's Choice Award (1997); Katha Award for Best Rock Song
1995,Huwag Mo Nang Itanong,Eraserheads,Cutterpillow,Alt Rock,4:11,Ely Buendia,Ely Buendia,Robin Rivera,
1995,Overdrive,Eraserheads,Cutterpillow,Alt Rock,5:05,Ely Buendia,Ely Buendia,Robin Rivera,
1995,Waiting For The Bus,Eraserheads,Cutterpillow,Alt Rock,3:27,Ely Buendia,Ely Buendia,Robin Rivera,
1995,Fine Time,Eraserheads,Cutterpillow,Alt Rock,5:16,Ely Buendia,Ely Buendia,Robin Rivera,
1995,Kama Supra,Eraserheads,Cutterpillow,Alt Rock,4:38,Ely Buendia,Ely Buendia,Robin Rivera,
1995,Dapat Na Lang,Janno Gibbs,Dapat Na Lang,Pop Ballad,4:12,Janno Gibbs,Janno Gibbs,Janno Gibbs,
1995,Buloy,Parokya ni Edgar,Khangkungkernitz,Pop Rock,4:09,Chito Miranda,Chito Miranda,Chito Miranda,
1995,Maniwala Ka Sana,Parokya ni Edgar,Khangkungkernitz,Pop Rock,3:05,Chito Miranda,Chito Miranda,Chito Miranda,
1995,Lutong Bahay (Cooking Ng Ina Mo),Parokya ni Edgar,Khangkungkernitz,Novelty Pop,3:12,Parokya ni Edgar,Parokya ni Edgar,Chito Miranda,
1995,Tatlong Benter Singko,Dingdong Avanzado,Single,Pop Ballad,4:15,Dingdong Avanzado,Dingdong Avanzado,Dingdong Avanzado,
1995,Finding It Hard to Say Goodbye,Lea Salonga,Lea Salonga,Pop Ballad,4:18,Lea Salonga,Lea Salonga,Lea Salonga,
1995,Say That You Love Me,Basil Valdez,Single,Pop Ballad,4:42,Louie Ocampo,Louie Ocampo,Basil Valdez,
1995,You Are My Song,Regine Velasquez,Wanted: Perfect Father OST,Pop Ballad,3:52,Martin Nievera,Louie Ocampo,Regine Velasquez,
1995,In Your Eyes,Ariel Rivera,Simple Lang,Pop Ballad,4:35,Vehnee Saturno,Vehnee Saturno,Ariel Rivera,
1995,Habang May Buhay,AfterImage,Single,Pop Rock,4:42,Wency Cornejo,Wency Cornejo,Wency Cornejo,
1995,Next In Line,Wency Cornejo,Single,Pop Rock,3:45,Wency Cornejo,Wency Cornejo,Wency Cornejo,
1995,Tuloy Pa rin,Neocolours,Tuloy Pa Rin,Pop Rock,4:33,Ito Rapadas,Ito Rapadas,Neocolours,
1995,Sana,Amy Perez,Single,Pop Ballad,4:10,Vehnee Saturno,Vehnee Saturno,Amy Perez,
1995,Doobi Doo,APO Hiking Society,Single,Pop,3:20,Jim Paredes,Jim Paredes,APO Hiking Society,
1995,Basta't Kasama Kita,Dingdong Avanzado,Single,Pop Ballad,4:12,Dingdong Avanzado,Dingdong Avanzado,Dingdong Avanzado,
1995,Laklak,Teeth,Teeth,Grunge / Rock,3:48,Glenn Jacinto,Glenn Jacinto,Teeth,
1995,Prinsesa,Teeth,Teeth,Grunge / Rock,4:40,Glenn Jacinto,Glenn Jacinto,Teeth,
1995,Shiela,Teeth,Teeth,Grunge / Rock,4:15,Teeth,Teeth,Teeth,
1995,Burning Houses,Wolfgang,Wolfgang,Heavy Metal,4:25,Basti Artadi,Wolfgang,Wolfgang,
1995,Halik Ni Hudas,Wolfgang,Wolfgang,Heavy Metal,4:52,Basti Artadi,Wolfgang,Wolfgang,
1995,Arise,Wolfgang,Wolfgang,Heavy Metal,4:08,Basti Artadi,Wolfgang,Wolfgang,
1995,Atomica,Wolfgang,Wolfgang,Heavy Metal,4:12,Basti Artadi,Wolfgang,Wolfgang,
1995,Castles in the Air,Wolfgang,Wolfgang,Heavy Metal,5:10,Basti Artadi,Wolfgang,Wolfgang,
1995,Natutulog Ba Ang Diyos,Gary Valenciano,Single,Gospel Pop,4:22,Nonong Pedero,Nonong Pedero,Gary Valenciano,
1995,Kailangan Kita,Ogie Alcasid,Single,Pop Ballad,4:35,Ogie Alcasid,Ogie Alcasid,Ogie Alcasid,
1995,Stay,Cueshe,Single,Alt Rock,3:52,Ruben Caballero,Cueshe,Cueshe,
1995,How Did You Know,Chiqui Pineda,Single,Pop Ballad,5:25,Cecile Azarcon,Cecile Azarcon,Chiqui Pineda,
1995,"Isang Mundo, Isang Awit",Vina Morales,Single,Inspirational,3:45,Vehnee Saturno,Vehnee Saturno,Vina Morales,
1995,Rain,Donna Cruz,Habang May Buhay,Pop,3:35,Ito Rapadas,Ito Rapadas,Donna Cruz,
1995,Only Me and You,Donna Cruz,Habang May Buhay,Pop Ballad,4:10,Donna Cruz,Donna Cruz,Donna Cruz,
1995,The Journey,Lea Salonga,Lea Salonga,Inspirational,4:26,Julie Gold,Julie Gold,Lea Salonga,
1995,Fill Her,Eraserheads,Cutterpillow,Alt Rock,2:02,Eraserheads,Eraserheads,Robin Rivera,
1995,Back2me,Eraserheads,Cutterpillow,Alt Rock,2:13,Eraserheads,Eraserheads,Robin Rivera,
1995,Poorman's Grave,Eraserheads,Cutterpillow,Alt Rock,4:38,Eraserheads,Eraserheads,Robin Rivera,
1995,Yentalk,Eraserheads,Cutterpillow,Alt Rock,2:30,Eraserheads,Eraserheads,Robin Rivera,
1995,Tell The World of His Love,Jamie Rivera,World Youth Day '95 Theme,Inspirational,4:52,Trina Belamide,Trina Belamide,Jamie Rivera,
1995,Cool Ka Lang,Prettier Than Pink,Prettier That Pink,Pop,3:59,Prettier That Pink,Prettier That Pink,Prettier Than Pink,
1995,Anak ng Pasig,Geneva Cruz,In the Name of Love,Pop / Environmental,4:15,Geneva Cruz,Geneva Cruz,Geneva Cruz,
1995,Someone's Always Saying Goodbye,Allona,Allona,Pop Ballad,3:46,Vehnee Saturno,Vehnee Saturno,Allona,
1995,Superproxy,Eraserheads,Cutterpillow,Alt Rock,5:45,Ely Buendia,Ely Buendia,Robin Rivera,
1995,Gatekeeper,Eraserheads,Cutterpillow,Alt Rock,3:50,Eraserheads,Eraserheads,Robin Rivera,
1995,Ambi Dextrous,Eraserheads,Cutterpillow,Alt Rock,3:55,Eraserheads,Eraserheads,Robin Rivera,
1995,Dahil Tanging Ikaw,Jaya,Jaya,Pop Ballad,3:56,Vehnee Saturno,Vehnee Saturno,Vehnee Saturno,
1995,Maybe,Neocolours,Eto Na,Pop Ballad,4:30,Neocolours,Neocolours,Jimmy Antiporda,
1996,Pasko Na Sinta Ko,Gary Valenciano,Single,Pop Christmas,4:45,Gary Valenciano,Gary Valenciano,Gary Valenciano,
1996,Rainbow,South Border,South Border,R&B,4:32,Jay Durias,Jay Durias,Jay Durias,Awit Best R&B
1996,Kailan Pa Ba,South Border,South Border,R&B,4:28,Jay Durias,Jay Durias,South Border,Star Best Group
1996,Paubaya,Rivermaya,Atomic Bomb** (early single),Pop Rock,4:35,Rico Blanco,Rico Blanco,Rico Blanco,Awit Best Rock
1996,Eres Mi Religion,Regine Velasquez,My Love Emotion,Pop Ballad,4:50,Pablo Baker,Pablo Baker,Regine Velasquez,Awit Best Female
1996,Sana Maulit Muli,Gary Valenciano,Single,Ballad,5:12,Gary Valenciano,Gary Valenciano,Gary Valenciano,
1996,With a Smile (Live),Eraserheads,Single,Rock,4:55,Ely Buendia,Ely Buendia,Robin Rivera,
1996,Ang Huling El Bimbo (Remix),Eraserheads,Single,Rock,6:30,Ely Buendia,Ely Buendia,Robin Rivera,
1996,Kailangan Kita,Bituin Escalante,Kailangan Kita,Pop Ballad,4:38,Bituin Escalante,Bituin Escalante,Jonathan Manalo,Awit Best Female Regional
1996,214,Rivermaya,Single,Pop Rock,4:52,Rico Blanco,Rico Blanco,Rico Blanco,
1996,Nag-iisang Muli,Joey Albert,Single,Ballad,4:42,Joey Albert,Joey Albert,Joey Albert,
1996,Para Sayo,Randy David,Single,Pop,4:30,Randy David,Randy David,Randy David,
1996,Huwag Ka Nang Umiiyak,Rachel Alejandro,Single,Ballad,4:45,Vehnee Saturno,Vehnee Saturno,Jimmy Antiporda,Star Best Ballad
1996,Mahal Kita,Martin Nievera,Single,Pop,4:22,George Canseco,George Canseco,Martin Nievera,
1996,Di Ko Na Deserve,Janno Gibbs,Single,Pop,4:25,Janno Gibbs,Janno Gibbs,Janno Gibbs,
1996,Minsan Lang Kita Mamahalin,Dingdong Avanzado,Single,Ballad,4:58,Dingdong Avanzado,Dingdong Avanzado,Dingdong Avanzado,
1996,Walang Kapalit,Zsa Zsa Padilla,Single,Ballad,4:55,George Canseco,George Canseco,Willy Cruz,
1996,Pangako,Sharon Cuneta,Single,Ballad,4:32,George Canseco,George Canseco,Sharon Cuneta,
1996,Di Makalimutan,Joey Albert,Single,Ballad,4:35,George Canseco,George Canseco,Joey Albert,
1996,Pag-ibig,Rico J. Puno,Single,Pop,4:05,Rico J. Puno,Rico J. Puno,Rico J. Puno,
1996,Sa Piling Mo,Pops Fernandez,Single,Pop Ballad,4:42,Pops Fernandez,Pops Fernandez,Pops Fernandez,
1996,Di Na Muli,Rachel Alejandro,Single,Ballad,4:48,Vehnee Saturno,Vehnee Saturno,Rachel Alejandro,
1996,Pangarap Ko ang Ibigin Ka,Regine Velasquez,The Moviecast Is Hot,Pop Ballad,4:55,George Canseco,George Canseco,Regine Velasquez,Awit Best Soundtrack
1996,Love Was Born on Christmas Day,Gary Valenciano,Single,Pop Christmas,4:20,Gary Valenciano,Gary Valenciano,Gary Valenciano,
1996,Sahaya,South Border,South Border,R&B,4:40,Jay Durias,Jay Durias,Jay Durias,
1996,Kung Wala Ka,Nina,Single (early release),Pop Ballad,4:35,Jay Durias,Jay Durias,Neil Gregorio,
1996,Overdrive,Rivermaya,Single,Pop Rock,4:18,Rico Blanco,Rico Blanco,Rico Blanco,
1996,Ligaya,Eraserheads,Bananasong** (compilation),Rock,4:05,Ely Buendia,Ely Buendia,Robin Rivera,
1996,Monopoly,Eraserheads,Sticker Happy reissue,Rock,3:42,Ely Buendia,Ely Buendia,Robin Rivera,
1996,Torpedo (Remix),Eraserheads,Single,Rock,4:10,Ely Buendia,Ely Buendia,Robin Rivera,
1996,Pasko Na Sinta Ko,Gary Valenciano,Single,Pop,4:45,Gary V,Gary V,Gary Valenciano,
1996,Kisapmata,Rivermaya,Trip,Alt Rock,4:41,Rico Blanco,Rico Blanco,Rico Blanco,
1996,Himala ,Rivermaya,Trip,Alt Rock,4:06,Rico Blanco,Rico Blanco,Rico Blanco,
1996,Panahon Na Naman,Rivermaya,Trip,Alt Rock,6:02,Rico Blanco,Rico Blanco,Rico Blanco,
1996,Flowers,Rivermaya,Trip,Alt Rock,5:39,Rico Blanco,Rico Blanco,Rico Blanco,
1996,Princess of Disguise,Rivermaya,Trip,Alt Rock,3:05,Rico Blanco,Rico Blanco,Rico Blanco,
1996,Maniwala Ka Sana,Parokya ni Edgar,Khangkungkernitz,Alt Rock,3:16,Chito Miranda,Chito Miranda,Chito Miranda,
1996,Lutong Bahay,Parokya ni Edgar,Khangkungkernitz,Alt Rock,3:45,Chito Miranda,Chito Miranda,Chito Miranda,
1996,Pangarap Lang Kita,Parokya ni Edgar,Bente,Alt Rock / Holiday,3:11,Chito Miranda,Chito Miranda,Chito Miranda,NU Rock Awards (Popular Song)
1996,Fruitcake,Eraserheads,Fruitcake,Pop Rock / Holiday,5:01,Ely Buendia,Ely Buendia,Robin Rivera,
1996,Old Fashion Christmas Carol,Eraserheads,Fruitcake,Alt Rock / Holiday,4:39,Ely Buendia,Eraserheads,Robin Rivera,
1996,Christmas Party,Eraserheads,Fruitcake,Alt Rock / Holiday,3:04,Ely Buendia,Ely Buendia,Robin Rivera,
1996,Ang Tipo Kong Lalaki,DJ Alvaro,Bagong Babae,Novelty,4:04,DJ Alvaro,DJ Alvaro,DJ Alvaro,
1996,Lando,Francis Magalona. ft. Gloc-9,Diploma,Hip Hop,3:10,Francis Magalona,Francis Magalona,Francis Magalona,
1996,Kaleidoscope World,Francis Magalona,FreeMan,Rap / Rock,5:20,Francis Magalona,Francis Magalona,Jimmy Antiporda,Awit Awards (Hall of Fame recognition later)
1996,Where Do Brokne Hearts Go,Jaya,Jaya,Pop / R&B,4:30,Frank Wildhorn,Frank Wildhorn,Vehnee Saturno,
1996,Laging Naro'n Ka,Jaya,Jaya,Ballad,4:26,Vehnee Saturno,Vehnee Saturno,Vehnee Saturno,
1996,Sometimes You Just Know,Jaya,Janno Gibbs,Pop,4:00,,,Vehnee Saturno,
1996,Kahit Isang Saglit,Vernie Vergara,Single,Ballad,4:20,Louie Ocampo,Louie Ocampo,Vehnee Saturno,
1996,Do You Believe in Me,Janno Gibbs,Single,Pop,4:10,Janno Gibbs,Janno Gibbs,Janno Gibbs,
1997,Hinahanap-Hanap Kita,Rivermaya,Atomic Bomb   ,Alt Rock,4:30,Rico Blanco,Rico Blanco,Rico Blanco,
1997,If,Rivermaya,Atomic Bomb   ,Alt Rock,4:20,Rico Blanco,Rico Blanco,Rico Blanco,
1997,Kung Ayaw Mo Wag Mo,Rivermaya,Atomic Bomb   ,Alt Rock,4:10,Rico Blanco,Rico Blanco,Rico Blanco,
1997,Sunny Days,Rivermaya,Atomic Bomb   ,Alt Rock,3:50,Rico Blanco,Rico Blanco,Rico Blanco,
1997,Mabuhay,Rivermaya,Atomic Bomb   ,Rock,4:40,Rico Blanco,Rico Blanco,Rico Blanco,
1997,Wild Angel Baby,Rivermaya,Atomic Bomb   ,Rock,4:00,Rico Blanco,Rico Blanco,Rico Blanco,
1997,Luha,Rivermaya,Atomic Bomb   ,Ballad Rock,5:00,Rico Blanco,Rico Blanco,Rico Blanco,
1997,Ballroom Dancing,Rivermaya,Atomic Bomb   ,Alt Rock,3:40,Rico Blanco,Rico Blanco,Rico Blanco,
1997,Saturday (Bakit Ako?),Rivermaya,Atomic Bomb   ,Rock,4:30,Rico Blanco,Rico Blanco,Rico Blanco,
1997,Spoliarium,Eraserheads,Sticker Happy  ,Alt Rock,4:30,Ely Buendia,Ely Buendia,Robin Rivera,
1997,Kaliwete,Eraserheads,Sticker Happy  ,Alt Rock,3:50,Ely Buendia,Ely Buendia,Robin Rivera,
1997,Hard To Believe,Eraserheads,Sticker Happy  ,Pop Rock,3:40,Ely Buendia,Ely Buendia,Robin Rivera,
1997,Para Sa Masa,Eraserheads,Sticker Happy  ,Rock,4:20,Ely Buendia,Ely Buendia,Robin Rivera,
1997,Bogchi Hokbu,Eraserheads,Sticker Happy  ,Alt Rock,3:30,Ely Buendia,Ely Buendia,Robin Rivera,
1997,Balikbayan Box,Eraserheads,Sticker Happy  ,Rock,3:50,Ely Buendia,Ely Buendia,Robin Rivera,
1997,Andalusian Dog,Eraserheads,Sticker Happy  ,Alt,4:00,Ely Buendia,Ely Buendia,Robin Rivera,
1997,Ha Ha Ha,Eraserheads,Sticker Happy  ,Rock,3:20,Ely Buendia,Ely Buendia,Robin Rivera,
1997,Downtown,Eraserheads,Sticker Happy  ,Alt,3:40,Ely Buendia,Ely Buendia,Robin Rivera,
1997,Harana,Parokya ni Edgar,Buruguduystunstugudunstuy,Alt Rock,3:50,Chito Miranda,Chito Miranda,Chito Miranda,
1997,Sayang,Parokya ni Edgar,Buruguduystunstugudunstuy,Rock,4:00,Chito Miranda,Chito Miranda,Chito Miranda,
1997,Please Don't Touch My Birdie,Parokya ni Edgar,Buruguduystunstugudunstuy,Comedy Rock,3:30,Chito Miranda,Chito Miranda,Chito Miranda,
1997,Silvertoes,Parokya ni Edgar,Buruguduystunstugudunstuy,Rock,3:40,Chito Miranda,Chito Miranda,Chito Miranda,
1997,Magic Spaceship,Parokya ni Edgar,Buruguduystunstugudunstuy,Alt,4:00,Chito Miranda,Chito Miranda,Chito Miranda,
1997,Wala Na Bang Pag-Ibig,Jaya,In the Raw,Alt,4:30,Chito Miranda,Chito Miranda,Vehnee Saturno,
1997,Sana'y Maulit Muli (Remake),Jaya,In the Raw,,4:20,Vehnee Saturno,Vehnee Saturno,Vehnee Saturno,
1997,Magpakailan Pa Man,Jaya,In the Raw,,4:30,Gary Valenciano,Gary Valenciano,Vehnee Saturno,
1997,Kahit Na,Jaya,In the Raw,,4:40,Louie Ocampo,Louie Ocampo,Vehnee Saturno,
1997,Bakit Pa,Jessa Zaragoza,Just Can't Help Feelin',,4:30,Vehnee Saturno,Vehnee Saturno,Vehnee Saturno,Awit Awards
1997,I Do,Jessa Zaragoza,Just Can't Help Feelin',,4:00,Various,Various,Vehnee Saturno,
1997,I Can ,"Donna Cruz, Regine Velasquez, Mikee Cojuangco",Do Re Mi OST,Pop,3:40,Vehnee Saturno,Vehnee Saturno,Vehnee Saturno,
1997,Kahit Muli,Ariel Rivera,Getting to Know,Ballad,4:20,Louie Ocampo,Louie Ocampo,Vehnee Saturno,
1997,Tear to Fall,South Border,Bump,R&B,4:30,Jay Durias,Jay Durias,Jay Durias,
1997,Losin' My Mind,South Border,South Border,R&B,4:10,Jay Durias,Jay Durias,Jay Durias,
1997,Tulak ng Bibig,Lilet,Single,Pop,3:30,,,Vehnee Saturno,
1997,Paano Pa Kita Malilimutan,Mariz Ricketts,Single,Ballad,4:10,,,Vehnee Saturno,
1997,Halik Ni Hudas,Wolfgang,Semenelin,Hard Rock,5:00,Wolfgang,Wolfgang,Wolfgang,NU Rock Awards
1997,Sana Ay Ikaw Na Nga,Basil Valdez,Single,Ballad,4:30,Ryan Cayabyab,Ryan Cayabyab,Ryan Cayabyab,
1997,Kailangan Kita,Bituin Escalante,Metropop '97,Ballad,4:20,Ogie Alcasid,Ogie Alcasid,Jonathan Manalo,Metropop Winner
1997,Sampip ,Parokya ni Edgar,Buruguduystunstugudunstuy,Alt,4:30,Chito Miranda,Chito Miranda,Chito Miranda,NU Rock Awards
1997,Alimango,Parokya ni Edgar,Buruguduystunstugudunstuy,Comedy Rock,3:20,Chito Miranda,Chito Miranda,Chito Miranda,
1997,Okatokat,Parokya ni Edgar,Buruguduystunstugudunstuy,Comedy Rock,3:10,Chito Miranda,Chito Miranda,Chito Miranda,
1997,High,Parokya ni Edgar,Buruguduystunstugudunstuy,Rock,4:10,Chito Miranda,Chito Miranda,Chito Miranda,
1997,Batangas Coffee,Parokya ni Edgar,Buruguduystunstugudunstuy,Acoustic Rock,3:50,Chito Miranda,Chito Miranda,Chito Miranda,
1997,You Lift Me Up,Jaya,In the Raw,Pop,4:00,Intl Writers,Intl Writers,Vehnee Saturno,
1997,Mayro'n Pa Ring Pag-Ibig,Jaya,In the Raw,Ballad,4:30,Vehnee Saturno,Vehnee Saturno,Vehnee Saturno,
1997,I Still Believe In Love,Jaya,In the Raw,Pop,4:10,Intl Writers,Intl Writers,Vehnee Saturno,
1997,Dahil Mahal Na Mahal Kita,Roselle Nava,Rosells: On Higher Ground,Ballad,4:30,Vehnee Saturno,Vehnee Saturno,Vehnee Saturno,
1997,Bakit 'Di Totohanin,Carol Banawa,Carol,Ballad,4:10,,,Vehnee Saturno,
1997,Alaala,True Faith,Build,Alt,4:20,Medwin Marfil,Medwin Marfil,True Faith,
1997,Nanghihinayang,Jeremiah,Nanghihinayang,Ballad,4:40,Band,Band,Vehnee Saturno,
1998,So Slow,Freestyle,Freestyle,R&B,4:20,Top Suzara,Top Suzara,Tat Suzara,
1998,Halik,Aegis,Halik,Rock Ballad,4:50,Aegis,Aegis,Celso Gabat Jr.,
1998,Luha,Aegis,Halik,Rock Ballad,5:00,Aegis,Aegis,Celso Gabat Jr.,
1998,Sinta,Aegis,Halik,Rock Ballad,4:40,Aegis,Aegis,Celso Gabat Jr.,
1998,Basang-Basa Sa Ulan,Aegis,Halik,Rock Ballad,5:10,Aegis,Aegis,Celso Gabat Jr.,
1998,Kunin Mo Na Ang Lahat Sa Akin,Jeremiah,Jeremiah,Ballad,4:30,Band,Band,Vehnee Saturno,
1998,Laging Tapat,Jolina Magdangal,Jolina,Pop,4:10,Vehnee Saturno,Vehnee Saturno,Vehnee Saturno,
1998,T.L Ako Sayo,Jolina Magdangal,Jolina,Pop,3:50,Vehnee Saturno,Vehnee Saturno,Vehnee Saturno,
1998,Tunay Na Mahal,Lani Misalucha,Tunay Na Mahal,Ballad,4:30,Louie Ocampo,Louie Ocampo,Vehnee Saturno,
1998,Sa'yo,South Border,Bump,R&B,4:20,Jay Durias,Jay Durias,Jay Durias,
1998,Elesi (Acoustic),Rivermaya,Atomic Bomb (Peaking),Alt Rock,4:30,Ely Buendia,Ely Buendia,Rico Blanco,
1998,How Could You Leave,Regine Velasquez,Drawn,Pop Ballad,4:20,Various,Various,Regine Velasquez,
1998,Huwag Ka Nang Umiiyak,Rachel Alejandro,Single,Ballad,4:10,Louie Ocampo,Louie Ocampo,Jimmy Antiporda,
1998,Mahal Kita,Martin Nievera,Single,Ballad,4:30,Louie Ocampo,Louie Ocampo,Martin Nievera,
1998,Di Ko Na Deserve,Janno Gibbs,Single,Pop,4:00,Janno Gibbs,Janno Gibbs,Janno Gibbs,
1998,Minsan Lang Kita Mamahalin,Dingdong Avanzado,Single,Ballad,4:30,Dingdong Avanzado,Dingdong Avanzado,Dingdong Avanzado,
1998,Walang Kapalit,Zsa Zsa Padilla,Single,Ballad,4:20,Louie Ocampo,Louie Ocampo,Willy Cruz,
1998,Pangarap Ko ang Ibigin Ka,Regine Velasquez,Single,Ballad,4:30,Ogie Alcasid,Ogie Alcasid,Regine Velasquez,
1998,Before I Let You Go,Freestyle,Freestyle,R&B,4:40,Top Suzara,Top Suzara,Tat Suzara,
1998,Hinahanap-Hanap Kita,Rivermaya,Atomic Bomb,Alt Rock,4:30,Rico Blanco,Rico Blanco,Rico Blanco,
1998,I'll Never Say Goodbye,Regine Velasquez,Drawn,Pop Ballad,4:20,Various,Various,Regine Velasquez,
1998,Julie Tearjerky,Eraserheads,Aloha Milkway,Alt Rock,3:50,Ely Buendia,Ely Buendia,Robin Rivera,
1998,Tamagotchi Baby,Eraserheads,Aloha Milkway,Alt Rock,3:30,Ely Buendia,Ely Buendia,Robin Rivera,
1998,Inuman Na,Parokya ni Edgar,Gulugod Beningen,Pinoy Rock,4:03,Chito Miranda,Chito Miranda,Chito Miranda,
1998,Bigotilyo,Parokya ni Edgar,Gulugod Beningen,Pinoy Rock,3:41,Chito Miranda,Chito Miranda,Chito Miranda,
1998,Itatanong Ko Lang,Parokya ni Edgar,Gulugod Beningen,Pinoy Rock,3:44,Chito Miranda,Chito Miranda,Chito Miranda,
1998,Himig Natin,Parokya ni Edgar,Gulugod Beningen,Pinoy Rock,4:22,Juan de la Cruz Band,"Joey ""Pepe"" Smith",Chito Miranda,
1998,Laging Na'ron Ka,Jaya,In the Raw,R&B / Pop Ballad,4:30,Vehnee Saturno,Vehnee Saturno,Vehnee Saturno,
1998,I Don't Want to Wait,Jaya,In the Raw,R&B / Pop,4:06,Vehnee Saturno,Paula Cole,Vehnee Saturno,
1998,Kapag Ako Ay Nagmahal,Jolina Magdangal,Jolina,Pop / Dance,4:02,Vehnee Saturno,Vehnee Saturno,Vehnee Saturno,
1998,Sabado Night,Prettier Than Pink,Single,Pop / Dance,3:50,Lei Bautista,Lei Bautista,Lei Bautista,
1998,O Lumiyag ,Lani Misalucha,Tunay Na Mahal,OPM Ballad,3:35,Lani Misalucha,Lani Misalucha,Lani Misalucha,
1998,Finfing It Hard to Say Goodbye,Lea Salonga,Lea Salonga,Musical Theater / Pop,4:15,Lea Salonga,Tim Rice & Alan Menken,Lea Salonga,
1998,"Sometime, Somewhere",Basil Valdez,Single,OPM Ballad,5:10,Ryan Cayabyab,Ryan Cayabyab,Ryan Cayabyab,
1998,Muli ,Vina Morales,Single,Pop Ballad,4:28,Vehnee Saturno,Vehnee Saturno,Vehnee Saturno,
1998,Di Na Bawi,Jolina Magdangal,Jolina,Pop / Dance,3:10,Vehnee Saturno,Vehnee Saturno,Vehnee Saturno,
1998,I'll Never Go,Nexxus,Nexxus,Pop Ballad,4:25,Nexxus,Frank Singco,Frank Singco,
1998,Kailan   ,Smokey Mountain,Single,Pop,3:58,Ryan Cayabyab,Ryan Cayabyab,Ryan Cayabyab,
1998,Somewhere In My Past,Julie Vega,Single ,OPM Ballad,3:43,Julie Vega,Mon del Rosario,Mon del Rosario,
1998,Sana,Amy Perez,Single,Pop Ballad,4:14,Amy Perez,Ogie Alcasid,Ogie Alcasid,
1998,Sana Kahit minsan,Ariel Rivera,Single,OPM Ballad,3:53,Ariel Rivera,Vehnee Saturno,Vehnee Saturno,
1998,Dahil Tanging Ikaw,Jaya,In the Raw ,R&B / Pop Ballad,3:54,Jaya,Vehnee Saturno,Vehnee Saturno,
1998,Everyday,Agot Isidro,Best In Me,Pop / Jazz,4:31,Agot Isidro,Agot Isidro,Agot Isidro,
1998,Beginning Today,Agot Isidro,Best In Me,Pop / Jazz,4:01,Agot Isidro,Agot Isidro,Agot Isidro,
1998,Dito Sa Puso Ko,Jolina Magdangal,Jolina,Pop / Dance,3:36,Vehnee Saturno,Vehnee Saturno,Vehnee Saturno,
1998,Sana'y Magbalik,Jolina Magdangal,Jolina,Pop / Dance,3:44,Vehnee Saturno,Vehnee Saturno,Vehnee Saturno,
1998,Sayang Na Sayang,Aegis,Halik,Pinoy Rock / Power Ballad,4:38,Aegis,Arnel de Pano,Arnel de Pano,
1998,Kasalanan Ba,Men Oppose,Single,Alt Rock,4:12,Men Oppose,Men Oppose,Men Oppose,
1998,Mula Sa Puso,Jude Michael,Single,OPM Ballad,4:44,Vehnee Saturno,Vehnee Saturno,Vehnee Saturno,
1998,Paano   ,Joey Albert & Louie Reyes,Paano,Pop Ballad,3:38,Joey Albert,Ray-An Fuentes,Ray-An Fuentes,
1999,Huwag Mo Nang Itanong,Easerheads,Circus ,Alt Rock,4:14,Ely Buendia,Ely Buendia,Robin Rivera,
1999,Kaliwete,Easerheads,Fruitcake,Alt Rock,4:09,Ely Buendia,Ely Buendia,Robin Rivera,
1999,It's Not Easy Being Green,Rivermaya,Fruitcake,Alt Rock,4:42,Rivermaya,Joe Raposo,Rico Blanco,
1999,Laklak,Teeth,Teeth,Pinoy Rock,3:50,Teeth,Glenn Jacinto,Teeth,
1999,Shooting Star,Teeth,Trip,Alt Rock,4:20,Teeth,Glenn Jacinto,Teeth,
1999,Tabing ilog,Barbie's Cradle,Barbie’s Cradle,Pop Rock,4:01,Barbie Almalbis,Barbie Almalbis,Barbie Almalbis,
1999,The Dance,Barbie's Cradle,Garth Brooks,Pop Ballad,4:28,Barbie Almalbis,Barbie Almalbis,Barbie Almalbis,
1999,Picha Pie,Parokya ni Edgar,Khangkhungkherrnitz,Comedy Rock / Alt Rock,3:22,Chito Miranda,Chito Miranda,Chito Miranda,
1999,Inuman Na,Parokya ni Edgar,Buruguduystunstugudunstuy,Pinoy Rock / Comedy Rock,4:03,Chito Miranda,Chito Miranda,Chito Miranda,
1999,Girl Be Mine,Francis Magalona,Side A,Hip-Hop / Pop Rap,4:14,Francis Magalona,Francis Magalona,Jimmy Antiporda,
1999,Razzle Dazzle,True Faith,Ryan Cayabyab Works,Pop / Jazz,4:24,True Faith,Medwin Marfil,True Faith,
1999,Sana'y Kapiling Ka,Jolina Magdangal,Ogie Alcasid,Pop Ballad,4:11,Vehnee Saturno,Vehnee Saturno,Vehnee Saturno,
1999,Kapag Ako Ay Nagmahal,Jolina Magdangal,Sharon Cuneta,OPM Ballad,4:02,Vehnee Saturno,Vehnee Saturno,Vehnee Saturno,
1999,So Slow,Freestyle,Freestyle,R&B / Pop,5:34,Freestyle,Tat Suzara,Tat Suzara,
1999,Wala Na Bang Pag-Ibig ,Jaya,Jaya,OPM Ballad,4:13,Vehnee Saturno,Vehnee Saturno,Vehnee Saturno,
1999,Sana Dalawa Ang Puso Ko,Janno Gibbs,Bodjie Dasig,OPM Ballad,4:54,Janno Gibbs,Janno Gibbs,Janno Gibbs,
1999,Minsan Na Lang Kitang Iibigin,Ariel Rivera,Simple Lang,OPM Ballad,4:00,Ariel Rivera,Aaron Paul del Rosario,Vehnee Saturno,
1999,Getting To Know Each Other,Ariel Rivera,The King and I Soundtrack,Musical / Show Tune,3:57,Ariel Rivera,Gerard Kenny,Ariel Rivera,
1999,Best In Me,Agot Isidro,The Best of Me,Pop / Jazz,4:28,Agot Isidro,Agot Isidro,Agot Isidro,
1999,Ipagpatawad Mo,Janno Gibbs,VST & Company Hits,Disco / Funk,3:45,Janno Gibbs,Vic Sotto & Joey de Leon,Janno Gibbs,
1999,Kahit Na,Regine Velasquez,Touch of Love,Pop Ballad,4:03,Vehnee Saturno,Willy Cruz,Willy Cruz,
1999,In Love With You,Regine Velasquez & Jacky Cheung,Touch of Love,Pop Ballad,4:18,Regine Velasquez,John Laudon,John Laudon,
1999,Suntok Sa Buwan,Session Road,Session Road,Alt Rock,4:24,Session Road,Hannah Romawac,Hannah Romawac,
1999,Butterfly Carnival,Sandwich,Grip Stand Throw,Alt Rock,4:50,Sandwich,Sandwich,Raymund Marasigan,
1999,68 Sixties,Easerheads,Cutterpillow,Alt Rock,3:20,Ely Buendia,Ely Buendia,Robin Rivera,
1999,Salamat,The Dawn,Beyond the Bend,Rock,3:48,The Dawn,Teddy Diaz,The Dawn,
1999,Masaya,Bamboo,As the Music Plays,Alt Rock,4:27,Bamboo Mañalac,Bamboo Mañalac,Bamboo Mañalac,
1999,Yugyugan Na,P.O.T,The Greatest Hits,Funk Rock,4:38,Karl Roy,Karl Roy,P.O.T.,
1999,Ulan,Rivermaya,Atomic Bomb,Alt Rock,4:34,Rivermaya,Rico Blanco,Rico Blanco,
1999,Mata Ng Diyos,Wolfgang,Seminar,Hard Rock,4:46,Wolfgang,Wolfgang,Wolfgang,
1999,Hesus,Alamid,Alamid,Alt Rock,5:20,Alamid,Alamid,Alamid,
1999,Paglisan,Color It Red,Hand Painted Sky,Alt Rock,5:14,Color It Red,Cooky Chua,Color It Red,
1999,Kaba,Tootsie Guevara,Tootsie Guevara,Pop,3:51,Vehnee Saturno,Vehnee Saturno,Vehnee Saturno,
1999,Mahal Ka Sa Akin,Tootsie Guevara,Tootsie Guevara,Pop Ballad,4:31,Vehnee Saturno,Vehnee Saturno,Vehnee Saturno,
1999,Pasulyap-Sulyap,Jessa Zaragoza,Just Can't Help Feeling,Pop Ballad,3:25,Vehnee Saturno,Vehnee Saturno,Vehnee Saturno,
1999,Paper Roses,Jolina Magdangal,Red Roses,Pop,3:04,Paper Roses,Fred Spielman & Janice Torre,Vehnee Saturno,
1999,Tameme,Jolina Magdangal,Jolina,Pop,3:24,Vehnee Saturno,Vehnee Saturno,Vehnee Saturno,
1999,"Tulak ng Bibig, Kabig ng Dibdib",Jolina Magdangal,Jolina,Pop,4:21,Vehnee Saturno,Vehnee Saturno,Vehnee Saturno,
1999,Mahal Mo Ba Ako,Jolina Magdangal,Jolina,Pop,3:52,Vehnee Saturno,Vehnee Saturno,Vehnee Saturno,
1999,Pumipintig Ang Puso,Tootsie Guevara,Tootsie Guevara,Pop Ballad,3:48,Vehnee Saturno,Vehnee Saturno,Vehnee Saturno,
1999,Iniwan,Tootsie Guevara,Tootsie Guevara,Pop Ballad,4:11,Vehnee Saturno,Vehnee Saturno,Vehnee Saturno,
1999,Surrender,Jamie Rivera,My Life in Music,Christian Pop,4:13,Jamie Rivera,Jamie Rivera,Jamie Rivera,
1999,Love Is All That Matters,Jamie Rivera,Hey It's Me,Christian Pop,4:28,Jamie Rivera,Jamie Rivera,Jamie Rivera,
1999,"Ay, Ay, Ay, Pag-Ibig",Ara Mina,Ara Mina,Pop,3:58,Ara Mina,Lito Camo,Lito Camo,
1999,Alam Mo Ba,Ara Mina,Ara Mina,Pop Ballad,3:42,Ara Mina,Ara Mina,Ara Mina,
1999,Totoy Bibo,Vhong Navarro,Totoy Bibo,Novelty / Dance,4:54,Vhong Navarro,Lito Camo,Lito Camo,
1999,Bawal Na Gamot,Willy Garte,Bawal Na Gamot,Folk / Novelty,3:44,Willy Garte,Willy Garte,Willy Garte,
1999,Kung Kailangan Mo Ako,Ara Mina,Ara Mina,Pop Ballad,4:05,Ara Mina,Rey Valera,Rey Valera,
1999,Asa Ka,Ara Mina,Ara Mina,Pop,4:10,Ara Mina,Lito Camo,Lito Camo,
1999,Hanggang Dito Na Lang,Tootsie Guevara,Tootsie Guevara,Pop Ballad,3:58,Vehnee Saturno,Vehnee Saturno,Vehnee Saturno,
2000,Torete,Moonstar88,Popcorn,Alt Rock / Pop,4:31,Darwin Hernandez,Darwin Hernandez,Moonstar88,
2000,Sulat,Moonstar88,Popcorn,Alt Rock / Pop,4:28,Darwin Hernandez,Darwin Hernandez,Moonstar88,
2000,Panalangin,Moonstar88,Popcorn,Alt Rock / Pop,3:35,Jim Paredes,Jim Paredes,Moonstar88,
2000,Sa Langit,Moonstar88,Popcorn,Alt Pop / Rock,3:50,Darwin Hernandez,Darwin Hernandez,Moonstar88,
2000,Kahit Na,Bridge,Single,Pop Ballad,3:50,Bridge,Bridge,Bridge,
2000,I'll Face Tomorrow,Marco Sison,Single,Pop Ballad,4:05,Marco Sison,Marco Sison,Marco Sison,
2000,Akala Mo,Aiza Seguerra,Pagdating Ng Panahon,Acoustic Pop,4:01,Moy Ortiz & Edith Gallardo,Moy Ortiz & Edith Gallardo,Moy Ortiz,
2000,Pakisabi Na Lang,The Company,Single,Pop / Jazz,5:23,Moy Ortiz & Edith Gallardo,Moy Ortiz & Edith Gallardo,The Company,
2000,Kailangan Ko'y Ikaw,Regine Velasquez,Kailangan Ko'y Ikaw,Pop Ballad,3:18,Ogie Alcasid,Ogie Alcasid,Ogie Alcasid,
2000,Tuwing Umuulan at Kapiling Ka,Regine Velasquez,Kailangan Ko'y Ikaw,Pop Ballad,4:15,Ryan Cayabyab,Ryan Cayabyab,Ryan Cayabyab,
2000,Written In The Sand,Regine Velasquez,Kailangan Ko'y Ikaw,Pop Ballad,4:12,Tats Faustino,Tats Faustino,Regine Velasquez,
2000,Faithfully,Rivermaya,Free   ,Alt Rock,4:30,Steve Perry & Jonathan Cain,Steve Perry & Jonathan Cain,Rico Blanco,
2000,Ambulansya,Rivermaya,Free   ,Alt Rock,4:44,Ely Buendia,Ely Buendia,Rico Blanco,
2000,Serious Light,Rivermaya,Free   ,Alt Rock,4:27,Rivermaya,Rico Blanco,Rico Blanco,
2000,It's Getting Late,Rivermaya,Free   ,Alt Rock,4:26,Rivermaya,Rico Blanco,Rico Blanco,
2000,Steady,Rivermaya,Free   ,Alt Rock,5:05,Rivermaya,Rico Blanco,Rico Blanco,
2000,Scared,Rivermaya,Free   ,Alt Rock,3:38,Rivermaya,Rico Blanco,Rico Blanco,
2000,Kahit Kailan,South Border,The Live Album,R&B / Pop,5:27,Jay Durias,Jay Durias,Jay Durias,
2000,Habang Atin Ang Gabi,South Border,The Live Album,R&B / Pop,5:01,Jay Durias,Jay Durias,Jay Durias,
2000,Love of My Life,South Border,The Live Album,R&B / Pop,4:06,Jay Durias,Jay Durias,Jay Durias,
2000,Peksman,Siakol,Saitandem,Rock,4:28,Siakol,Siakol,Siakol,
2000,Gabo,Siakol,Saitandem,Rock,4:16,Siakol,Siakol,Siakol,
2000,Nag-iisang Muli,Joey Albert,Single,Pop Ballad,4:05,Joey Albert,Joey Albert,Joey Albert,
2000,One More Gift,Lani Misalucha,All Heart,Pop Ballad,4:36,Lani Misalucha,Lani Misalucha,Lani Misalucha,
2000,Ikaw Lang Ang Mamahalin,Lani Misalucha,All Heart,Pop Ballad,4:24,Vehnee Saturno,Vehnee Saturno,Vehnee Saturno,
2000,Anak,Freddie Aguilar,2000 New Version,Folk / OPM,3:54,Freddie Aguilar,Freddie Aguilar,Freddie Aguilar,
2000,Maselang Bahaghari,Eraserheads,Natin99,Alt Rock,5:05,Ely Buendia,Ely Buendia,Robin Rivera,
2000,Pop Machine,Eraserheads,Natin99,Alt Rock,5:38,Ely Buendia,Ely Buendia,Robin Rivera,
2000,Sino Sa Atin,Eraserheads,Natin99,Alt Rock,3:07,Ely Buendia,Ely Buendia,Robin Rivera,
2000,Game! Na,Eraserheads,Natin99,Alt Rock,3:41,Ely Buendia,Ely Buendia,Robin Rivera,
2000,Kahit Pa ,Hale,Single (Early Demo),Alt Rock,5:14,Champ Lui Pio,Champ Lui Pio,Champ Lui Pio,
2000,Kung Wala Na,Jaya,Five,Pop Ballad,4:10,Vehnee Saturno,Vehnee Saturno,Vehnee Saturno,
2000,Habang May Buhay,Jaya,Five,Pop Ballad,4:43,Vehnee Saturno,Vehnee Saturno,Vehnee Saturno,
2000,Finding Out the Hard Way,Jaya,Five,Pop Ballad,4:54,Vehnee Saturno,Vehnee Saturno,Vehnee Saturno,
2000,Inis-Mono ,Parokya ni Edgar,Gulugod Beningen,Pop Ballad,3:17,Chito Miranda,Chito Miranda,Chito Miranda,
2000,Wag Mo Na Sana,Parokya ni Edgar,Gulugod Beningen,Comedy Rock,3:03,Chito Miranda,Chito Miranda,Chito Miranda,
2000,Pakiusap Lang (Lasingin Nyo Ako),Parokya ni Edgar,Gulugod Beningen,Comedy Rock,3:12,Chito Miranda,Chito Miranda,Chito Miranda,
2000,Moonspeak,Rivermaya,Free,Comedy Rock,4:04,Rivermaya,Rico Blanco,Rico Blanco,
2000,Imbecilesque,Rivermaya,Free,Alt Rock,4:11,Rivermaya,Rico Blanco,Rico Blanco,
2000,The Way You Look at Me,Christian Bautista,Single,Alt Rock,3:29,Christian Bautista,Christian Bautista,Christian Bautista,
2000,Paano Ko Sasabihin,Thor,Single,Pop Ballad,3:53,Thor Dulay,Thor Dulay,Thor Dulay,
2000,This Guy's Inlove With You Pare,Parokya ni Edgar,Bigotilyo,Pop Ballad,3:11,Chito Miranda,Chito Miranda,Chito Miranda,
2000,Swimming Beach,Parokya ni Edgar,Gulugod Beningen,Comedy Rock,4:29,Chito Miranda,Chito Miranda,Chito Miranda,
2000,Araw-Araw,True Faith,Memories Are Cheap,Comedy Rock,4:41,True Faith,True Faith,True Faith,
2000,Kung Ikaw Ay Masaya,Jolina Magdangal,Jolina,Pop Rock,3:47,Jolina Magdangal,Jolina Magdangal,Jolina Magdangal,
2000,Naghihintay,The Company,Single,Pop,3:52,Moy Ortiz & Edith Gallardo,Moy Ortiz & Edith Gallardo,The Company,
2000,Through The Years,Freestyle,Freestyle,Pop / Jazz,4:18,Freestyle,Freestyle,Tat Suzara,
2000,Puppy Love,Jolina Magdangal,On My Own,R&B / Pop,3:52,Jolina Magdangal,Jolina Magdangal,Jolina Magdangal,
2000,You Made Me Stronger,Regine Velasquez,Kailangan Ko'y Ikaw,Pop,4:08,Vehnee Saturno,Vehnee Saturno,Vehnee Saturno,
2000,Aaminin Ko,6cyclemind,Single,Pop Ballad,4:20,6cyclemind,6cyclemind,6cyclemind,
2001,Pagdating Ng Panahon,Aiza Seguerra,Pagdating ng Panahon,Alt Rock,4:13,Moy Ortiz & Edith Gallardo,Moy Ortiz & Edith Gallardo,Moy Ortiz,
2001,Hanggang Ngayon,Kyla,Way to Your Heart,Pop Ballad,4:45,Jonathan Manalo,Jonathan Manalo,Jonathan Manalo,
2001,Kung Mawawala Ka,Ogie Alcasid,Kung Mawawala Ka,R&B / Pop,4:23,Ogie Alcasid,Ogie Alcasid,Ogie Alcasid,
2001,Kailngan Ko'y Ikaw,Regine Velasquez,Listen Without Prejudice,Pop Ballad,3:18,Ogie Alcasid,Ogie Alcasid,Ogie Alcasid,
2001,Ikaw Lamang,Janno Gibs & Jaya,Ikaw Lamang,Pop Ballad,3:58,Vehnee Saturno,Vehnee Saturno,Vehnee Saturno,
2001,Sa Aking Puso,Ariel Rivera,Simple Lang,Pop Ballad,3:58,Ariel Rivera,Ariel Rivera,Vehnee Saturno,
2001,Pag-Ibig Ko'y Pansinin,Faith Cuneta,Faith,Pop Ballad,4:32,Vehnee Saturno,Vehnee Saturno,Vehnee Saturno,
2001,Maybe,King,Maybe,Pop Ballad,4:35,King,King,King,
2001,Tell Me,Joey Albert,Tell Me,Pop,3:47,Joey Albert,Joey Albert,Joey Albert,
2001,Sa Langit,Moonstar88,Popcorn,Pop,3:50,Darwin Hernandez,Darwin Hernandez,Moonstar88,
2001,Swimming Beach,Parokya ni Edgar,Bigotilyo,Alt Pop / Rock,4:29,Chito Miranda,Chito Miranda,Chito Miranda,
2001,Sorry Na,Parokya ni Edgar,Gulong Itlog Gulong,Comedy Rock,4:06,Chito Miranda,Chito Miranda,Chito Miranda,
2001,Alumni Homecoming,Parokya ni Edgar,Gulong Itlog Gulong,Comedy Rock,5:29,Chito Miranda,Chito Miranda,Chito Miranda,
2001,Maskara,Easerheads,Sticker Happy,Comedy Rock,4:42,Ely Buendia,Ely Buendia,Robin Rivera,
2001,Pula,Easerheads,Sticker Happy,Alt Rock,4:58,Ely Buendia,Ely Buendia,Robin Rivera,
2001,Faithless,Rivermaya,Trip,Alt Rock,4:56,Rivermaya,Rico Blanco,Rico Blanco,
2001,Imbecile Que,Rivermaya,Atomic Bomb,Alt Rock,4:11,Rivermaya,Rico Blanco,Rico Blanco,
2001,"Umaaraw, Umuulan",Rivermaya,Trip,Alt Rock,7:00,Rivermaya,Rico Blanco,Rico Blanco,
2001,Jopay,Mayonnaise,Mayonnaise,Alt Rock,4:08,Monty Macalino,Monty Macalino,Monty Macalino,
2001,Better Days,Franco,Franco,Alt Rock,4:44,Franco Reyes,Franco Reyes,Franco Reyes,
2001,Bukas Na Lang Kita Mamahalin,Lani Misalucha,Tunay Na Mahal,Pop Ballad,4:26,Vehnee Saturno,Vehnee Saturno,Vehnee Saturno,
2001,Sayo Na Lang Ako,Kyla,Kyla,R&B / Pop,4:13,Jonathan Manalo,Jonathan Manalo,Jonathan Manalo,
2001,Stay,Cueshe,Half Empty Half Full,Alt Rock,4:01,Jay Justiniani,Jay Justiniani,Cueshe,
2001,Bakit Pa Ba,Jay R,Gameface,R&B / Pop,4:45,Jay R,Jay R,Jay R,
2001,If,Nelson Del Castillo,If,Pop Ballad,4:15,Nelson Del Castillo,Nelson Del Castillo,Nelson Del Castillo,
2001,Dito Sa Puso Ko,Jessa Zaragoza,Just Can't Help Feeling,Pop Ballad,3:51,Jessa Zaragoza,Jessa Zaragoza,Vehnee Saturno,
2001,Carbon Stereoxide,Easerheads,Cutterpillow,Alt Rock,4:35,Ely Buendia,Ely Buendia,Robin Rivera,
2001,Hula,Easerheads,Cutterpillow,Alt Rock,3:49,Ely Buendia,Ely Buendia,Robin Rivera,
2001,Paris,Chicosci,Method of Breathing,Alt Rock,3:57,Chicosci,Chicosci,Chicosci,
2001,First Of Summer,Urbandub,Birth,Alt Rock,4:03,Gabby Alipe,Gabby Alipe,Gabby Alipe,
2001,Oxygen,Barbie's Cradle,Barbie's Cradle,Alt Rock,3:55,Barbie Almalbis,Barbie Almalbis,Barbie Almalbis,
2001,Money For Food,Barbie's Cradle,Barbie's Cradle,Alt Rock,4:17,Barbie Almalbis,Barbie Almalbis,Barbie Almalbis,
2001,Lakas Tama,Siakol,Tatsulok,Rock,4:47,Siakol,Siakol,Siakol,
2001,Perksman,Siakol,Tatsulok,Rock,4:28,Siakol,Siakol,Siakol,
2001,Gising Na,Brownman Revival,Brownman Revival,Pop,4:06,Brownman Revival,Brownman Revival,Brownman Revival,
2001,Under Southern Lights,Rivermaya,Free,Alt Rock,4:59,Rivermaya,Rico Blanco,Rico Blanco,
2001,Ambon,Rivermaya,Free,Alt Rock,4:16,Rivermaya,Rico Blanco,Rico Blanco,
2001,Dadalhin,Regine Velasquez,R2K,Pop Ballad,4:17,Tats Faustino,Tats Faustino,Jonathan Manalo,
2001,To Reach You,Regine Velasquez,R2K,Pop Ballad,4:10,Regine Velasquez,Regine Velasquez,Regine Velasquez,
2001,One Hello,Kyla,Way to Your Heart,R&B / Pop,3:51,Jonathan Manalo,Jonathan Manalo,Jonathan Manalo,
2001,Bring It On,Kyla,Way to Your Heart,R&B / Pop,4:24,Jonathan Manalo,Jonathan Manalo,Jonathan Manalo,
2001,I Will Survive,Lani Misalucha,Tunay Na Mahal,Pop Ballad,3:45,Lani Misalucha,Lani Misalucha,Lani Misalucha,
2001,Anong Say Mo,Lani Misalucha,Tunay Na Mahal,Pop Ballad,4:04,Lani Misalucha,Lani Misalucha,Lani Misalucha,
2001,Sana'y Ibigin Mo,Roselle Nava,Roselle Nava,Pop Ballad,3:53,Vehnee Saturno,Vehnee Saturno,Vehnee Saturno,
2001,Bakit Ba Ganyan,Jolina Magdangal,Jolina,Pop,4:17,Jolina Magdangal,Jolina Magdangal,Jolina Magdangal,
2001,Macho Guwapito,Jolina Magdangal,Jolina,Pop,3:17,Jolina Magdangal,Jolina Magdangal,Jolina Magdangal,
2001,Ikaw   ,Sarah Geronimo,Popstar: A Dream Come True,Pop,3:45,Sarah Geronimo,Sarah Geronimo,Sarah Geronimo,
2001,If The Feeling is Gone,Kyla,Kyla,R&B / Pop,4:21,Jonathan Manalo,Jonathan Manalo,Jonathan Manalo,
2001,Akala ko,Aiza Seguerra,Pagdating ng Panahon,Acoustic Pop,4:01,Moy Ortiz & Edith Gallardo,Moy Ortiz & Edith Gallardo,Moy Ortiz,
2001,In My Life,Aiza Seguerra,Pagdating ng Panahon,Acoustic Pop,3:35,Lennon–McCartney,Lennon–McCartney,Vic de Leon-Feliciano,
2002,The Day You Said Goodnight,Hale,Hale,Alt Rock,4:51,Champ Lui Pio,Champ Lui Pio,Champ Lui Pio,
2002,Stay,Carol Banawa,Carol,Pop Ballad,4:01,Vehnee Saturno,Vehnee Saturno,Vehnee Saturno,
2002,Iingatan Ka,Carol Banawa,Carol,Pop Ballad,5:14,Vehnee Saturno,Vehnee Saturno,Vehnee Saturno,
2002,Sa Puso Ko,Faith Cuneta,Faith,Pop Ballad,4:02,Vehnee Saturno,Vehnee Saturno,Vehnee Saturno,
2002,Wag Na Init Ulo Baby,Rivermaya,Free,Alt Rock,3:36,Rivermaya,Rivermaya,Rico Blanco,
2002,Sulit,Moonstar88,Popcorn,Alt Pop / Rock,3:54,Darwin Hernandez,Darwin Hernandez,Moonstar88,
2002,Sana Ngayong Pasko,Ariel Rivera,Christmas Album,Christmas / Pop,3:58,Jimmy Borja,Jimmy Borja,Ariel Rivera,
2002,Only Selfless Love,Jamie Rivera,Jamie Rivera Collection,Christian Pop,4:44,Jamie Rivera,Jamie Rivera,Jamie Rivera,
2002,Tanging Yaman,Carol Banawa,Christmas Album,Christmas / Pop,4:26,Philip Gan,Philip Gan,Jamie Rivera,
2002,Spoliarium,Easerheads,Sticker Happy,Alt Rock,5:30,Ely Buendia,Ely Buendia,Robin Rivera,
2002,Aking Pagmamahal,True Faith,Perfect,Pop Rock,3:55,True Faith,True Faith,True Faith,
2002,Deadma,Rocksteddy,Ayos Lang,Ska / Rock,4:02,Rocksteddy,Rocksteddy,Rocksteddy,
2002,Senti,Yano,Yano,Alt Rock,4:42,Dong Abay,Dong Abay,Dong Abay,
2002,Huwag Mo Nang Itanong,Easerheads,Circus,Alt Rock,4:14,Ely Buendia,Ely Buendia,Robin Rivera,
2002,Tuloy Ang Ligaya,Rivermaya,Free,Alt Rock,3:35,Rico Blanco,Rico Blanco,Rico Blanco,
2002,Isang Bandila,Rivermaya,Free,Alt Rock,4:41,Rico Blanco,Rico Blanco,Rico Blanco,
2002,The Answer,Chicosci,Method of Breathing,Alt Rock,4:06,Chicosci,Chicosci,Chicosci,
2002,Fly Tonight,Slapshock,4th Degree Burn,Nu Metal,3:18,Slapshock,Slapshock,Slapshock,
2002,Anino,Sugarfree,Dramachine,Alt Rock,4:08,Ebe Dancel,Ebe Dancel,Sugarfree,
2002,Sa Aking Pag-Iisa,Regine Velasquez,R2K,Pop Ballad,3:33,Vehnee Saturno,Vehnee Saturno,Vehnee Saturno,
2002,Magpakailanman,Wency Cornejo,Langit,Pop Ballad,4:53,Wency Cornejo,Wency Cornejo,Wency Cornejo,
2002,Sana,Sarah Geronimo,Popstar: A Dream Come True,Pop,3:53,Vehnee Saturno,Vehnee Saturno,Vehnee Saturno,
2002,Nandito Lang Ako,Shamrock,Shamrock,Pop Rock,4:08,Shamrock,Shamrock,Shamrock,
2002,Macho Guwapito,Rico J. Puno,The Greatest Hits,OPM / Pop,3:12,Rico J. Puno,Rico J. Puno,Rico J. Puno,
2002,Otso-Otso,Bayani Agbayani,Bayani Agbayani,Novelty / Dance,3:37,Lito Camo,Lito Camo,Lito Camo,
2002,Mr.Suave,Parokya ni Edgar,Bigotilyo,Comedy Rock,4:28,Chito Miranda,Chito Miranda,Chito Miranda,
2002,I Will Be Here,Gary Valenciano,Faces of Love,Pop Ballad,4:32,Steven Curtis Chapman,Steven Curtis Chapman,Gary Valenciano,
2002,How Did You Know,Gary Valenciano,Faces of Love,Pop Ballad,4:37,Gary Valenciano,Gary Valenciano,Gary Valenciano,
2002,"Araw-Araw, Gabi-Gabi",Lani Misalucha,Tunay Na Mahal,Pop Ballad,3:23,Lani Misalucha,Lani Misalucha,Lani Misalucha,
2002,Baka Sakali,Freestyle,Freestyle,R&B / Pop,4:46,Freestyle,Freestyle,Tat Suzara,
2002,Pata-Pata Pon,SexBomb Girls,Round,Dance Pop,3:51,Lito Camo,Lito Camo,Lito Camo,
2002,Bakya Mo Neneng,SexBomb Girls,Round,Dance Pop,3:41,Lito Camo,Lito Camo,Lito Camo,
2002,Sayaw Na,Vhong Navarro,Totoy Bibo,Novelty / Dance,3:42,Lito Camo,Lito Camo,Lito Camo,
2002,Pamela,Vhong Navarro,Totoy Bibo,Novelty / Dance,3:51,Lito Camo,Lito Camo,Lito Camo,
2002,I Believe,Jimmy Bondoc,Jimmy Bondoc,Acoustic Pop,4:31,Jimmy Bondoc,Jimmy Bondoc,Jimmy Bondoc,
2002,Bakit,Barbie's Cradle,Barbie's Cradle,Alt Rock,4:28,Barbie Almalbis,Barbie Almalbis,Barbie Almalbis,
2002,Tell me,MYMP,Beyond Acoustic,Acoustic Pop,3:36,Joey Albert,Joey Albert,Chin Alcantara,
2002,The One Who Won My Heart,Christian Bautista,Christian Bautista,Pop Ballad,4:44,Christian Bautista,Christian Bautista,Christian Bautista,
2002,All This Time,Alice Dixson,All This Time,Pop Ballad,4:26,Alice Dixson,Alice Dixson,Alice Dixson,
2002,Sa Piling Mo,Ref,REF,Pop Rock,4:01,Ref,Ref,Ref,
2002,How Can I,Kyla,Way to Your Heart,R&B / Pop,4:11,Jonathan Manalo,Jonathan Manalo,Jonathan Manalo,
2002,Nanghihinayang,Jeremiah,Jeremiah,Pop Ballad,4:26,Larry Hermoso,Larry Hermoso,Vehnee Saturno,
2002,Kahit Isang Saglit,Martin Nievera,Return to Forever,Pop Ballad,4:36,Allan Feliciano,Allan Feliciano,Allan Feliciano,
2002,Get Free,Rivermaya,Free,Alt Rock,3:25,Rivermaya,Rivermaya,Rico Blanco,
2002,Basketbol,Rivermaya,Free,Alt Rock,4:21,Rivermaya,Rivermaya,Rico Blanco,
2002,Evidence,Urbandub,Birth,Alt Rock,5:14,Gabby Alipe,Gabby Alipe,Gabby Alipe,
2002,Food for the Soul,Sandwich,Grip Stand Throw,Alt Rock,3:54,Sandwich,Sandwich,Raymund Marasigan,
2002,Nakatitig,Moonstar88,Popcorn,Alt Pop / Rock,3:18,Darwin Hernandez,Darwin Hernandez,Moonstar88,
2002,The Yes Yes Show,Parokya ni Edgar,Gulong Itlog Gulong,Comedy Rock,4:45,Chito Miranda,Chito Miranda,Chito Miranda,
2002,Oktubre,Sugarfree,Sa Wakas,Alt Rock,4:21,Ebe Dancel,Ebe Dancel,Ebe Dancel,
2003,The Spageti Song,SexBomb Girls feat. Joey de Leon,Round,Dance Pop,4:01,Lito Camo,Lito Camo,Lito Camo,
2003,Bakit Papa?,SexBomb Girls,Round,Dance Pop,3:34,Lito Camo,Lito Camo,Lito Camo,
2003,Halukay Ube,SexBomb Girls,Round,Dance Pop,4:17,Lito Camo,Lito Camo,Lito Camo,
2003,Totoy Bibo,Vhong Navarro,Totoy Bibo,Novelty / Dance,4:54,Lito Camo,Lito Camo,Lito Camo,
2003,Don Romantiko,Vhong Navarro,Totoy Bibo,Novelty / Dance,3:16,Lito Camo,Lito Camo,Lito Camo,
2003,To Love You More,Sarah Geronimo,Popstar: A Dream Come True,Pop,4:44,David Foster,David Foster & Linda Thompson,Sarah Geronimo,
2003,Sa Iyo,Sarah Geronimo,Popstar: A Dream Come True,Pop,3:42,Sarah Geronimo,Sarah Geronimo,Sarah Geronimo,
2003,Broken Vow,Sarah Geronimo & Mark Bautista,Constant Change,Pop Ballad,4:35,Walter Afanasieff,Walter Afanasieff & Lara Fabian,Sarah Geronimo,
2003,The Way You Look At Me,Christian Bautista,Christian Bautista,Pop Ballad,3:29,Christian Bautista,Andrew Fromm & Keith Follese,Christian Bautista,
2003,Burnout,Sugarfree,Sa Wakas,Alt Rock,4:15,Ebe Dancel,Ebe Dancel,Ebe Dancel,
2003,Mariposa,Sugarfree,Sa Wakas,Alt Rock,3:57,Ebe Dancel,Ebe Dancel,Ebe Dancel,
2003,Telepono,Sugarfree,Sa Wakas,Alt Rock,4:55,Ebe Dancel,Ebe Dancel,Ebe Dancel,
2003,Bitiw,6cyclemind,Permission to Shine,Alt Rock,3:28,6cyclemind,6cyclemind,6cyclemind,
2003,Sikat Sa Amin,6cyclemind,Permission to Shine,Alt Rock,3:46,6cyclemind,6cyclemind,6cyclemind,
2003,Chopsuey,Parokya ni Edgar,Bigotilyo,Comedy Rock,3:55,Chito Miranda,Chito Miranda,Chito Miranda,
2003,Liwanag Sa Dilim,Rivermaya,Free,Alt Rock,3:40,Rico Blanco,Rico Blanco,Rico Blanco,
2003,Balisong,Rivermaya,Trip,Alt Rock,3:48,Rico Blanco,Rico Blanco,Rico Blanco,
2003,A Little Bit,MYMP,Beyond Acoustic,Acoustic Pop,3:24,MYMP,MYMP,Chin Alcantara,
2003,Pakisabi Na Lang,The Company,The Company,Pop,5:23,Moy Ortiz,Moy Ortiz,Moy Ortiz,
2003,Prom,Sugarfree,Sa Wakas,Alt Rock,4:21,Ebe Dancel,Ebe Dancel,Ebe Dancel,
2003,A Day Without Puppets,Sugarfree,Sa Wakas,Alt Rock,4:45,Ebe Dancel,Ebe Dancel,Ebe Dancel,
2003,Bigotilyo,Parokya ni Edgar,Bigotilyo,Comedy Rock,3:41,Chito Miranda,Chito Miranda,Chito Miranda,
2003,Your Song (My One and Only You),Parokya ni Edgar,Bigotilyo,Comedy Rock,2:48,Chito Miranda,Chito Miranda,Chito Miranda,
2003,Tsaka Na Lang,Parokya ni Edgar,Bigotilyo,Comedy Rock,3:18,Chito Miranda,Chito Miranda,Chito Miranda,
2003,Nalilito,6cyclemind,Permission to Shine,Alt Rock,3:36,6cyclemind,6cyclemind,6cyclemind,
2003,Soul Searching,Urbandub,Birth,Alt Rock,4:01,Gabby Alipe,Gabby Alipe,Gabby Alipe,
2003,Sunday Driving,Rivermaya,Trip,Alt Rock,4:18,Rico Blanco,Rico Blanco,Rico Blanco,
2003,241 (My Favorite Song),Rivermaya,Trip,Alt Rock,4:34,Rico Blanco,Rico Blanco,Rico Blanco,
2003,A Love to Share,Rivermaya,Trip,Alt Rock,5:16,Rico Blanco,Rico Blanco,Rico Blanco,
2003,Twin Hearts,Sarah Geronimo & Mark Bautista,Constant Change,Pop,4:05,Jonathan Manalo,Jonathan Manalo,Jonathan Manalo,
2003,Ngayon at Kailanman,Mark Bautista,Everyday,Pop Ballad,4:35,George Canseco,George Canseco,Jonathan Manalo,
2003,I Will Always Love You,Nina,Nina Live,R&B,4:26,Dolly Parton,Dolly Parton,Neil Gregorio,
2003,Jealous,Nina,Nina Live,R&B,4:13,Nina,Nina,Neil Gregorio,
2003,Foolish Heart,Nina,Nina Live,R&B,4:38,Nina,Nina,Neil Gregorio,
2003,Loving You,Nina,Nina Live,R&B,4:18,Nina,Nina,Neil Gregorio,
2003,Paano Na Kaya,Bugoy Drilon,Bugoy Drilon,Pop Ballad,4:17,Jonathan Manalo,Jonathan Manalo,Jonathan Manalo,
2003,No Touch,Vhong Navarro,Totoy Bibo,Novelty / Dance,3:23,Juan dela Cruz Band,Juan dela Cruz Band,Lito Camo,
2003,I Like You,Vhong Navarro,Totoy Bibo,Novelty / Dance,3:34,Vhong Navarro,Vhong Navarro,Lito Camo,
2003,Bikining Itim,SexBomb Girls,Round,Dance Pop,3:11,Lito Camo,Lito Camo,Lito Camo,
2003,I'll Never Go,Nexxus,Nexxus,Pop Ballad,4:25,Frankie Golangco,Frank Singco,Frank Singco,
2003,Secret Love,Jay R,Gameface,R&B,3:36,Jay R,Jay R,Jay R,
2003,Game,Jay R,Gameface,R&B,3:46,Jay R,Jay R,Jay R,
2003,Kung Wala Na,Jaya,Jaya,Pop Ballad,4:10,Vehnee Saturno,Vehnee Saturno,Vehnee Saturno,
2003,Narda,Kamikazee,Maharot,Alt Rock,3:12,Jay Contreras,Jay Contreras,Kamikazee,
2003,Unwell,Pupil,Beautiful Machines,Alt Rock,3:53,Ely Buendia,Ely Buendia,Ely Buendia,
2003,Waiting For You,MYMP,Beyond Acoustic,Acoustic Pop,3:32,MYMP,MYMP,Chin Alcantara,
2003,I Feel For You,Kyla,Way to Your Heart,R&B / Pop,3:59,Jonathan Manalo,Jonathan Manalo,Jonathan Manalo,
2003,Lupa,Rico J. Puno,The Greatest Hits,OPM / Ballad,4:04,Charo Unite,Charo Unite,Rico J. Puno,
2003,Kailan  ,MYMP,Beyond Acoustic,Acoustic Pop,3:55,Ryan Cayabyab,Ryan Cayabyab,Chin Alcantara,
2003,Kahit Isang Saglit,Juris/ MYMP,Acoustic,Acoustic Pop,4:52,Allan Feliciano,Allan Feliciano,Chin Alcantara,
2004,Same Ground,Kitchie Nadal,Kitchie Nadal,Alt Rock,4:11,Kitchie Nadal,Kitchie Nadal,Kitchie Nadal,
2004,Huwag Na Huwag Mong Sasabihin,Kitchie Nadal,Kitchie Nadal,Alt Rock,4:01,Kitchie Nadal,Kitchie Nadal,Kitchie Nadal,
2004,Lumingon Ka Lang,Sponge Cola,Palabas,Alt Rock,4:01,Gosh Dilay,Gosh Dilay,Sponge Cola,
2004,KLSP,Sponge Cola,Palabas,Alt Rock,3:13,Sponge Cola,Sponge Cola,Sponge Cola,
2004,Biglaan,6cyclemind,Permission to Shine,Alt Rock,4:07,6cyclemind,6cyclemind,6cyclemind,
2004,Hari ng Sablay,Sugarfree,Sa Wakas,Alt Rock,3:22,Ebe Dancel,Ebe Dancel,Ebe Dancel,
2004,Tulog Na,Sugarfree,Sa Wakas,Alt Rock,4:26,Ebe Dancel,Ebe Dancel,Ebe Dancel,
2004,Bulakbol,The Mongols,The Mongols,Rock,3:35,Ely Buendia,Ely Buendia,The Mongols,
2004,Noypi,Bamboo,As the Music Plays,Alt Rock,4:30,Bamboo Mañalac,Bamboo Mañalac,Bamboo Mañalac,
2004,Hands To Heaven,Christian Bautista,Christian Bautista,Pop Ballad,4:36,Graham Lyle,Graham Lyle,Christian Bautista,
2004,Rainbow,South Border,South Border,R&B / Pop,4:00,Jay Durias,Jay Durias,Jay Durias,
2004,Ikaw Nga,South Border,South Border,R&B / Pop,4:02,Jay Durias,Jay Durias,Jay Durias,
2004,How Could You Say You Love Me,Sarah Geronimo,Popstar: A Dream Come True,Pop,4:01,Jimmy Borja,Jimmy Borja,Jonathan Manalo,
2004,Pinakamagandang Lalake,Janno Gibbs,Janno Gibbs,Pop,4:08,Janno Gibbs,Janno Gibbs,Janno Gibbs,
2004,Fallin',Janno Gibbs,Janno Gibbs,R&B / Pop,4:44,Janno Gibbs,Janno Gibbs,Janno Gibbs,
2004,Love Of My Life,Rachelle Ann Go,Rachelle Ann Go,Pop Ballad,3:54,Jay Durias,Jay Durias,Jay Durias,
2004,Hinahanap ng Puso,Gloc-9,Gloc-9,Hip-Hop / Rap,3:37,Aristotle Pollisco,Aristotle Pollisco,Gloc-9,
2004,Bulaklak,Viva Hot Babes,Viva Hot Babes,Dance Pop,3:35,Lito Camo,Lito Camo,Lito Camo,
2004,O Pag-Ibig,Vhong Navarro,Totoy Bibo,Novelty / Dance,4:54,Lito Camo,Lito Camo,Lito Camo,
2004,Mag Exercise,Vhong Navarro,Totoy Bibo,Novelty / Dance,3:41,Lito Camo,Lito Camo,Lito Camo,
2004,Sayaw Ya Chang,Ya Chang,Ya Chang,Dance Pop,2:58,Lito Camo,Lito Camo,Lito Camo,
2004,In or Out,Sandara Park,Sandara,K-Pop / Dance,3:15,Lito Camo,Lito Camo,Lito Camo,
2004,Jeepney ,Sponge Cola,Palabas,Alt Rock,5:05,Gosh Dilay,Gosh Dilay,Sponge Cola,
2004,Coda,Sponge Cola,Palabas,Alt Rock,4:26,Sponge Cola,Sponge Cola,Sponge Cola,
2004,Much Has Been Said,Bamboo,As the Music Plays,Alt Rock,4:28,Bamboo Mañalac,Bamboo Mañalac,Bamboo Mañalac,
2004,Mr.Clay,Bamboo,As the Music Plays,Alt Rock,3:27,Bamboo Mañalac,Bamboo Mañalac,Bamboo Mañalac,
2004,Akap,Imago,"Probably Not, But Most Definitely",Alt Rock,3:58,Aia de Leon,Aia de Leon,Imago,
2004,Idlip,Imago,"Probably Not, But Most Definitely",Alt Rock,4:41,Aia de Leon,Aia de Leon,Imago,
2004,Misterio,Slapshock,Headtrip,Nu Metal,4:15,Slapshock,Slapshock,Slapshock,
2004,Hintay,Sugarfree,Sa Wakas,Alt Rock,3:59,Ebe Dancel,Ebe Dancel,Ebe Dancel,
2004,Pwede Ba,Soapdish,Peep Show,Alt Rock,4:01,Jeffery Bolivar,Jeffery Bolivar,Soapdish,
2004,Sana Sinabi,Soapdish,Peep Show,Alt Rock,3:42,Jeffery Bolivar,Jeffery Bolivar,Soapdish,
2004,Kjwan,Kjwan,Kjwan,Alt Rock,4:33,Kjwan,Kjwan,Kjwan,
2004,Mata,Mojofly,Mojofly,Alt Rock,3:48,Ali Alejandro,Ali Alejandro,Mojofly,
2004,Breathe,Kitchie Nadal,Kitchie Nadal,Alt Rock,3:58,Kitchie Nadal,Kitchie Nadal,Kitchie Nadal,
2004,Fire,Kitchie Nadal,Kitchie Nadal,Alt Rock,3:52,Kitchie Nadal,Kitchie Nadal,Kitchie Nadal,
2004,Run,Kitchie Nadal,Kitchie Nadal,Alt Rock,4:01,Kitchie Nadal,Kitchie Nadal,Kitchie Nadal,
2004,Pangarap ko,Kitchie Nadal,Kitchie Nadal,Alt Rock,3:58,Kitchie Nadal,Kitchie Nadal,Kitchie Nadal,
2004,You   ,Basil Valdez,The Greatest Hits,Pop Ballad,4:26,George Canseco,George Canseco,Ryan Cayabyab,
2004,Hindi Mo Na Ba Minamahal,King,Maybe,Pop,3:42,King,King,King,
2004,Kahit Na Ilang Umaga,Jessa Zaragoza,Just Can't Help Feeling,Pop Ballad,4:24,Vehnee Saturno,Vehnee Saturno,Vehnee Saturno,
2004,Ikaw Ang Buhay Ko,Piolo Pascual,Ikaw Ang Buhay Ko,Pop Ballad,4:08,Piolo Pascual,Piolo Pascual,Piolo Pascual,
2004,The Love You Want,Michelle Ayalde,Michelle Ayalde,Pop Ballad,3:53,Michelle Ayalde,Michelle Ayalde,Jonathan Manalo,
2004,Till My Heartache Ends,DJ Tijam,Till My Heartache Ends,Pop Ballad,5:14,Tats Faustino,Tats Faustino,Tat Faustino,
2004,Rico Mambo,Ya Chang,Ya Chang,Dance Pop,3:53,Lito Camo,Lito Camo,Lito Camo,
2004,Kanta Tayo,Vhong Navarro,Totoy Bibo,Novelty / Dance,3:41,Vhong Navarro,Vhong Navarro,Vhong Navarro,
2004,Tugo Dugo Pak,Vhong Navarro,Totoy Bibo,Novelty / Dance,4:02,Vhong Navarro,Vhong Navarro,Vhong Navarro,
2004,Pinoy Idol?,Eddie Gil,Pinoy Idol,Novelty Pop,4:18,Eddie Gil,Eddie Gil,Eddie Gil,
2004,Pagbigyang Muli ,Erik Santos,Awit Ng Puso,Pop Ballad,4:45,Vehnee Saturno,Vehnee Saturno,Vehnee Saturno,
2004,Kabet,Gagong Rapper,Kabet,Rap,4:00,Gagong Rapper,Gagong Rapper,Gagong Rapper,
2005,Hallelujah,Bamboo,As the Music Plays,Alt Rock,5:23,Bamboo Mañalac,Bamboo Mañalac,Bamboo Mañalac,
2005,The Day You Said Goodnight,Hale,Hale,Alt Rock,4:51,Champ Lui Pio,Champ Lui Pio,Champ Lui Pio,
2005,You'll Be Safe Here,Rivermaya,Trip,Alt Rock,4:48,Rico Blanco,Rico Blanco,Rico Blanco,
2005,Akin Ka Na Lang,Itchyworms,Noontime Show,Alt Rock,4:35,Jazz Nicolas,Jazz Nicolas,Itchyworms,
2005,Pinoy Ako,Orange & Lemons,Love in the Land of Rubber Shoes,Alt Rock,4:03,Clem Castro,Clem Castro,Clem Castro,
2005,Nobela,Join The Club,Join the Club,Alt Rock,4:14,Biboy Renia,Biboy Renia,Join The Club,
2005,Makita Kang Muli,Sugarfree,Sa Wakas,Alt Rock,4:05,Ebe Dancel,Ebe Dancel,Sugarfree,
2005,Kahit Pa,Hale,Hale,Alt Rock,5:14,Champ Lui Pio,Champ Lui Pio,Champ Lui Pio,
2005,Sandalan,6cyclemind,Permission to Shine,Alt Rock,4:54,6cyclemind,6cyclemind,6cyclemind,
2005,Beer,Itchyworms,Noontime Show,Alt Rock,6:13,Jazz Nicolas,Jazz Nicolas,Itchyworms,
2005,Chicksilog,Kamikazee,Maharot,Comedy Rock,3:57,Kamikazee,Kamikazee,Kamikazee,
2005,Kung Wala Ka,Hale,Hale,Alt Rock,4:56,Champ Lui Pio,Champ Lui Pio,Champ Lui Pio,
2005,Love Moves In Mysterious Ways (Live),Nina,Nina Live,R&B,4:51,Tom Snow,Tom Snow,Neil Gregorio,
2005,Tell Me Where It Hurts,MYMP,Beyond Acoustic,Acoustic Pop,4:51,Diane Warren,Diane Warren,Chin Alcantara,
2005,Let The Love Begin,Kyla & Jerome John Hughes,Way to Your Heart,R&B / Pop,4:42,Kyla,Kyla,Jonathan Manalo,
2005,Di na Nag-Iisa,Regine Velasquez,R2K,Pop Ballad,3:17,Vehnee Saturno,Vehnee Saturno,Regine Velasquez,
2005,Sweet,Jinky Vidal,Jinky Vidal,Pop,4:12,Jinky Vidal,Jinky Vidal,Jinky Vidal,
2005,Love Can't Lie,Sarah Geronimo,Popstar: A Dream Come True,Pop,4:18,Sarah Geronimo,Sarah Geronimo,Jonathan Manalo,
2005,Talaga naman ,MYMP,Beyond Acoustic,Acoustic Pop,3:52,MYMP,MYMP,Chin Alcantara,
2005,We Belong,Toni Gonzaga,Toni Gonzaga,Pop,4:45,Toni Gonzaga,Toni Gonzaga,Christian Martinez,
2005,Dahil Ikaw,True Faith,Perfect,Pop Rock,4:41,Medwin Marfil,Medwin Marfil,True Faith,
2005,Sabihin Mo Na,Top Suzara,Top Suzara,Pop,4:15,Top Suzara,Top Suzara,Top Suzara,
2005,Possible,Rivermaya,Trip,Alt Rock,4:44,Rico Blanco,Rico Blanco,Rico Blanco,
2005,I,6cyclemind,Permission to Shine,Alt Rock,4:00,6cyclemind,6cyclemind,6cyclemind,
2005,Sige,6cyclemind,Permission to Shine,Alt Rock,3:34,6cyclemind,6cyclemind,6cyclemind,
2005,Borrowed Time,Cueshe,Half Empty Half Full,Pop Rock,4:13,Cueshe,Cueshe,Cueshe,
2005,Gemini,Sponge Cola,Palabas,Alt Rock,4:52,Sponge Cola,Sponge Cola,Sponge Cola,
2005,Para Sayo,Parokya ni Edgar,Bigotilyo,Comedy Rock,4:28,Chito Miranda,Chito Miranda,Chito Miranda,
2005,Gitara,Parokya ni Edgar,Bigotilyo,Comedy Rock,5:14,Chito Miranda,Chito Miranda,Chito Miranda,
2005,Blue Sky,Hale,Hale,Alt Rock,4:29,Champ Lui Pio,Champ Lui Pio,Champ Lui Pio,
2005,Tensionado,Soapdish,Peep Show,Alt Rock,4:30,Jeffery Bolivar,Jeffery Bolivar,Soapdish,
2005,Doo Bi Doo,Kamikazee,Maharot,Alt Rock,3:37,Jim Paredes,Jim Paredes,Kamikazee,
2005,Bagsakan,Parokya ni Edgar,Bigotilyo,Alt Rock,4:01,Chito Miranda,Chito Miranda,Chito Miranda,
2005,Bye Bye Na,Rico Blanco,Your Universe,Alt Rock,3:31,Rico Blanco,Rico Blanco,Rico Blanco,
2005,Abot Kamay,Orange & Lemons,Love in the Land of Rubber Shoes,Comedy Rock,4:28,Clem Castro,Clem Castro,Clem Castro,
2005,Prinsesa,6cyclemind,Permission to Shine,Alt Rock,4:11,6cyclemind,6cyclemind,6cyclemind,
2005,Gusto Na Kitang Makita,Session Road,Session Road,Alt Rock,3:45,Hannah Romawac,Hannah Romawac,Session Road,
2005,Shooting Star,Hale,Hale,Alt Rock,4:03,Champ Lui Pio,Champ Lui Pio,Champ Lui Pio,
2005,Waltz,Hale,Hale,Alt Rock,3:52,Champ Lui Pio,Champ Lui Pio,Champ Lui Pio,
2005,Alipin,Shamrock,Shamrock,Alt Rock,4:48,Shamrock,Shamrock,Shamrock,
2005,Kailanpaman,Kevin Roy,Kevin Roy,Pop Ballad,3:51,Kevin Roy,Kevin Roy,Kevin Roy,
2005,Save Me a Dream,Raymond Lauchengco,Raymond Lauchengco,Pop Ballad,4:15,Raymond Lauchengco,Raymond Lauchengco,Raymond Lauchengco,
2005,I Won't Last a Day Without You,Nina,Nina Live,Pop Ballad,4:01,Roger Nichols,Roger Nichols,Neil Gregorio,
2005,Only Reminds Me of You,MYMP,Beyond Acoustic,R&B,4:56,MYMP,MYMP,Chin Alcantara,
2005,No Ordinary Star,Sarah Geronimo,Popstar: A Dream Come True,Acoustic Pop,4:18,Sarah Geronimo,Sarah Geronimo,Jonathan Manalo,
2005,Maybe It's You,Jinky Vidal,Jinky Vidal,Pop,4:11,Jinky Vidal,Jinky Vidal,Jinky Vidal,
2005,Jam,Kevin Roy & Cooky Chua,Jam,Pop,3:44,Kevin Roy,Kevin Roy,Kevin Roy,
2005,Next in Line (Cover),Stagecrew,Stagecrew,Pop,4:47,Wency Cornejo,Wency Cornejo,Stagecrew,
2005,Huwag Ka Nang Umiyak,True Faith,Perfect,Pop,3:58,Sugar Raft,Sugar Raft,True Faith,
2005,Beep Beep (Cover),Michael Cruz,Beep Beep,Pop Rock,4:14,Juan dela Cruz Band,Juan dela Cruz Band,Michael Cruz,
2006,Magbalik,Callalily,Destination XYZ,Alt Rock,5:21,Lem Belaso,Lem Belaso,Callalily,
2006,Stars,Callalily,Destination XYZ,Alt Rock,4:24,Callalily,Kean Cipriano,Callalily,
2006,Elesi,Sponge Cola,Palabas,Alt Rock,3:23,Rico Blanco,Rico Blanco,Sponge Cola,
2006,Nakauwi Na,Sponge Cola,Palabas,Alt Rock,4:14,Yael Yuzon,Yael Yuzon,Sponge Cola,
2006,The Ordertaker,Parokya ni Edgar feat. Kamikazee,Solid,Alt Rock,3:54,Chito Miranda,Chito Miranda,Chito Miranda,
2006,Martyr Nyebera,Kamikazee,Maharot,Alt Rock,4:43,Kamikazee,Kamikazee,Kamikazee,
2006,Wala Lang,6cyclemind,Permission to Shine,Alt Rock,4:35,6cyclemind,6cyclemind,6cyclemind,
2006,Fixed,Slapshock,Silence,Alt Rock,4:01,Slapshock,Slapshock,Slapshock,
2006,Siguro,Itchyworms,Noontime Show,Alt Rock,3:44,Jazz Nicolas,Jazz Nicolas,Itchyworms,
2006,Love Team,Itchyworms,Noontime Show,Alt Rock,4:11,Jazz Nicolas,Jazz Nicolas,Itchyworms,
2006,Someday,Nina,Nina Live!,Pop,4:01,Nyoy Volante,Nyoy Volante,Neil Gregorio,
2006,Carry My Love,Sarah Geronimo,Becoming,Pop,4:03,Sarah Geronimo,Sarah Geronimo,Jonathan Manalo,
2006,Sana,Shamrock,Shamrock,Alt Rock,4:28,Shamrock,Shamrock,Shamrock,
2006,You Are The One,Toni Gonzaga,Toni Gonzaga,Pop,4:00,Toni Gonzaga,Toni Gonzaga,Christian Martinez,
2006,Pag-Ibig Na Kaya,Christian Bautista & Rachelle Ann Go,Pag-Ibig Na Kaya (Single),Pop Ballad,4:01,Jonathan Manalo,Jonathan Manalo,Jonathan Manalo,
2006,Bakiit,Rocksteddy,Ayos Lang,Alt Rock,4:01,Teddy Corpuz,Teddy Corpuz,Rocksteddy,
2006,Sundo,Imago,"Probably Not, But Most Definitely",Alt Rock,4:31,Aia de Leon,Aia de Leon,Imago,
2006,Taralets,Imago,Take 2,Alt Rock,3:43,Aia de Leon,Aia de Leon,Imago,
2006,Tollgate,Hale,Hale,Alt Rock,4:28,Champ Lui Pio,Champ Lui Pio,Champ Lui Pio,
2006,Invincible,Christian Bautista,Completely,Pop,3:58,Christian Bautista,Christian Bautista,Christian Bautista,
2006,Pasubali,Sponge Cola,Palabas,Alt Rock,4:02,Yael Yuzon,Yael Yuzon,Sponge Cola,
2006,Tuliro,Sponge Cola,Palabas,Alt Rock,3:55,Yael Yuzon,Yael Yuzon,Sponge Cola,
2006,Pangarap,Callalily,Destination XYZ,Alt Rock,4:20,Kean Cipriano,Kean Cipriano,Callalily,
2006,Lumbay,Callalily,Destination XYZ,Alt Rock,4:01,Kean Cipriano,Kean Cipriano,Callalily,
2006,Walang Kadala-dala,Sandwich,Grip Stand Throw,Alt Rock,4:28,Raymund Marasigan,Raymund Marasigan,Raymund Marasigan,
2006,Sugat,Sandwich,Grip Stand Throw,Alt Rock,3:53,Raymund Marasigan,Raymund Marasigan,Raymund Marasigan,
2006,Laging Nandoon,Rocksteddy,Ayos Lang,Alt Rock,3:45,Teddy Corpuz,Teddy Corpuz,Rocksteddy,
2006,Director's Cut,Kamikazee,Maharot,Alt Rock,3:54,Kamikazee,Kamikazee,Kamikazee,
2006,Ambisyoso,Kamikazee,Maharot,Alt Rock,4:28,Kamikazee,Kamikazee,Kamikazee,
2006,Muntik Na,Itchyworms,Noontime Show,Alt Rock,4:31,Jazz Nicolas,Jazz Nicolas,Itchyworms,
2006,Awit ng Kabataan,Rivermaya,Trip,Alt Rock,3:54,Rico Blanco,Rico Blanco,Rico Blanco,
2006,I Can,Sarah Geronimo,Becoming,Pop,3:36,Edith Gallardo,Edith Gallardo,Jonathan Manalo,
2006,Is It Over,Rachelle Ann Go,Rachelle Ann Go,Pop Ballad,4:31,Rachelle Ann Go,Rachelle Ann Go,Rachelle Ann Go,
2006,Bakit,Rachelle Ann Go,Rachelle Ann Go,Pop Ballad,4:14,Rachelle Ann Go,Rachelle Ann Go,Rachelle Ann Go,
2006,Kung Paano,Janno Gibbs,Janno Gibbs,Pop R&B,4:22,Janno Gibbs,Janno Gibbs,Janno Gibbs,
2006,Binibini,Janno Gibbs,Janno Gibbs,Pop R&B,4:01,Janno Gibbs,Janno Gibbs,Janno Gibbs,
2006,Kailangan Kita,Piolo Pascual,Piolo Pascual,Pop Ballad,3:45,Ogie Alcasid,Ogie Alcasid,Ogie Alcasid,
2006,Dito Sa Puso Ko,Ogie Alcasid,Ikaw Pa Rin,Pop Ballad,4:06,Ogie Alcasid,Ogie Alcasid,Ogie Alcasid,
2006,Batang-Bata Ka Pa,Sugarfree,Sa Wakas,Alt Rock,4:31,Jim Paredes,Jim Paredes,Ebe Dancel,
2006,Pumapatak ang Ulan,Parokya ni Edgar,Bigotilyo,Alt Rock,3:55,Jim Paredes,Jim Paredes,Chito Miranda,
2006,Nakapagtataka,Sponge Cola,Palabas,Alt Rock,4:28,Jim Paredes,Jim Paredes,Sponge Cola,
2006,Awit ng Barkada,Itchyworms,Noontime Show,Alt Rock,3:24,Jim Paredes,Jim Paredes,Itchyworms,
2006,Ewan,Imago,Take 2,Alt Rock,4:41,Jim Paredes,Jim Paredes,Imago,
2006,Panalangin,Moonstar88,Popcorn,Alt Rock,4:01,Jim Paredes,Jim Paredes,Moonstar88,
2006,Blue Jeans,Rocksteddy,Ayos Lang,Alt Rock,5:20,Jim Paredes,Jim Paredes,Rocksteddy,
2006,The Great Escape,Hale,Hale,Alt Rock,5:14,Champ Lui Pio,Champ Lui Pio,Champ Lui Pio,
2006,Lastikman,Kamikazee,Maharot,Alt Rock,4:38,Kamikazee,Kamikazee,Kamikazee,
2006,Isang Bandila,Rivermaya,Trip,Alt Rock,4:12,Rico Blanco,Rico Blanco,Rico Blanco,
2006,Bakunawa,Gloc-9,G9,Pinoy Hip Hop,4:20,Aristotle Pollisco,Aristotle Pollisco,Gloc-9,
2006,Lando,Gloc-9 feat. Francis M.,G9,Pinoy Hip Hop,5:38,Aristotle Pollisco,Aristotle Pollisco,Gloc-9,
2007,Ikaw Lamang,Silent Sanctuary,Fuchsiang Pag-ibig,Alt Rock,3:53,Sarkie Sarangay,Sarkie Sarangay,Silent Sanctuary,
2007,Probinsyana,Bamboo,As the Music Plays,Alt Rock,4:20,Bamboo Mañalac,Bamboo Mañalac,Bamboo Mañalac,
2007,Magsasaya,6cyclemind,Permission to Shine,Alt Rock,4:34,6cyclemind,6cyclemind,6cyclemind,
2007,Tatsulok,Bamboo,Light Peace Love,Alt Rock,3:53,Rom Dongeto,Rom Dongeto,Bamboo Mañalac,
2007,Rebound,Silent Sanctuary,Fuchsiang Pag-ibig,Alt Rock,3:55,Sarkie Sarangay,Sarkie Sarangay,Silent Sanctuary,
2007,Willing Victim,Chicosci,Method of Breathing,Alt Rock,3:16,Chicosci,Chicosci,Chicosci,
2007,Seven Black Roses,Chicosci,Method of Breathing,Alt Rock,4:28,Chicosci,Chicosci,Chicosci,
2007,Hawak Kamay,Yeng Constantino,Salamat,Pop Rock,4:25,Yeng Constantino,Yeng Constantino,Jonathan Manalo,
2007,Salamat,Yeng Constantino,Salamat,Pop Rock,3:50,Yeng Constantino,Yeng Constantino,Jonathan Manalo,
2007,Cool Off,Yeng Constantino,Salamat,Pop Rock,3:42,Yeng Constantino,Yeng Constantino,Jonathan Manalo,
2007,If We Fall In Love,Yeng Constantino & RJ Jimenez,Salamat,Pop,4:14,Yeng Constantino,Yeng Constantino,Jonathan Manalo,
2007,Ikaw,Sarah Geronimo,Popstar: A Dream Come True,Pop,4:31,Sarah Geronimo,Sarah Geronimo,Jonathan Manalo,
2007,Ngiti,Ronnie Liang,Ngiti,Pop,4:02,Ronnie Liang,Ronnie Liang,Ronnie Liang,
2007,Hold On,Shamrock,Shamrock,Alt Rock,4:54,Shamrock,Shamrock,Shamrock,
2007,Even If,Sam Conception,Sam Concepcion,Pop,5:29,Sam Concepcion,Sam Concepcion,Sam Concepcion,
2007,Yakap Sa Dilim,Orange & Lemons,Love in the Land of Rubber Shoes,Alt Rock,4:42,Jim Paredes,Jim Paredes,Orange & Lemons,
2007,Migraine,Moonstar88,Popcorn,Alt Rock,4:58,Darwin Hernandez,Darwin Hernandez,Moonstar88,
2007,Ang Katulad Mong Walang Katulad,Orange & Lemons,Love in the Land of Rubber Shoes,Alt Rock,3:15,Clem Castro,Clem Castro,Orange & Lemons,
2007,Fuchsiang Pag-Ibig,Silent Sanctuary,Fuchsiang Pag-ibig,Alt Rock,4:17,Sarkie Sarangay,Sarkie Sarangay,Silent Sanctuary,
2007,Kundiman,Silent Sanctuary,Fuchsiang Pag-ibig,Alt Rock,4:06,Sarkie Sarangay,Sarkie Sarangay,Silent Sanctuary,
2007,Tattoed on My Mind,Chicosci,Method of Breathing,Alt Rock,3:59,Chicosci,Chicosci,Chicosci,
2007,Chicosci Vampire Social Club,Chicosci,Method of Breathing,Alt Rock,4:54,Chicosci,Chicosci,Chicosci,
2007,Deep,Bamboo,As the Music Plays,Alt Rock,5:14,Bamboo Mañalac,Bamboo Mañalac,Bamboo Mañalac,
2007,Will You Ever Learn,Typecast,The Infatuation Is Always There,Alt Rock,4:17,Steve Badiola,Steve Badiola,Typecast,
2007,The Fight is Over,Urbandub,Embrace,Alt Rock,5:14,Gabby Alipe,Gabby Alipe,Urbandub,
2007,DVD X,Sandwich,DVD X,Alt Rock,4:05,Raymund Marasigan,Raymund Marasigan,Raymund Marasigan,
2007,Guillotine,Urbandub,Embrace,Alt Rock,4:10,Gabby Alipe,Gabby Alipe,Urbandub,
2007,Bawal sa Gamot,Rocksteddy,Ayos Lang,Alt Rock,3:46,Teddy Corpuz,Teddy Corpuz,Rocksteddy,
2007,Tayo Na,Rocksteddy,Ayos Lang,Alt Rock,3:42,Teddy Corpuz,Teddy Corpuz,Rocksteddy,
2007,Time In,Yeng Constantino,Salamat,Pop Rock,4:17,Yeng Constantino,Yeng Constantino,Jonathan Manalo,
2007,Pangarap Lang,Yeng Constantino,Salamat,Pop Rock,4:17,Yeng Constantino,Yeng Constantino,Jonathan Manalo,
2007,Awit ng Saya ,Yeng Constantino,Salamat,Pop Rock,3:24,Yeng Constantino,Yeng Constantino,Jonathan Manalo,
2007,Betamax,Sandwich,DVD X,Alt Rock,3:58,Raymund Marasigan,Raymund Marasigan,Raymund Marasigan,
2007,Sugat,Imago,Take 2,Alt Rock,4:41,Aia de Leon,Aia de Leon,Imago,
2007,Akap,Imago,Take 2,Alt Rock,3:55,Aia de Leon,Aia de Leon,Imago,
2007,Tulak ng Bibig,Julianne,Gratitude, Pop,4:28,Julianne Tarroja,Julianne Tarroja,Julianne Tarroja,
2007,Muli,Vina Morales,Vina Morales,Pop / Ballad,3:43,Vehnee Saturno,Vehnee Saturno,Vehnee Saturno,
2007,Catch Me I'm Falling,Toni Gonzaga,Toni Gonzaga,Pop,3:45,Christian Martinez,Christian Martinez,Christian Martinez,
2007,I've Fallen For You,Toni Gonzaga,Toni Gonzaga,Pop,4:31,Toni Gonzaga,Toni Gonzaga,Christian Martinez,
2007,Nagmamahal ng Tunay,Piolo Pascual,Piolo Pascual,Pop / Ballad,4:35,Piolo Pascual,Piolo Pascual,Piolo Pascual,
2007,Hiling ,Silent Sanctuary,Fuchsiang Pag-ibig,Alt Rock,4:21,Sarkie Sarangay,Sarkie Sarangay,Silent Sanctuary,
2007,Paalam ,Silent Sanctuary,Fuchsiang Pag-ibig,Alt Rock,4:30,Sarkie Sarangay,Sarkie Sarangay,Silent Sanctuary,
2007,Sunburn ,Sandwich,DVD X,Alt Rock,4:01,Raymund Marasigan,Raymund Marasigan,Raymund Marasigan,
2007,Sumigaw ,6cyclemind,Permission to Shine,Alt Rock,4:01,6cyclemind,6cyclemind,6cyclemind,
2007,Liwanag,Callalily,Destination XYZ,Alt Rock,4:03,Kean Cipriano,Kean Cipriano,Callalily,
2007,Dream ,Callalily,Destination XYZ,Alt Rock,4:28,Kean Cipriano,Kean Cipriano,Callalily,
2007,Gratitude,Julianne,Gratitude,Pop,4:00,Julianne Tarroja,Julianne Tarroja,Julianne Tarroja,
2007,Pangarap Ko ang Ibigin ka,Sarah Geronimo,Taking Flight,Pop Ballad,4:11,Vehnee Saturno,Vehnee Saturno,Jonathan Manalo,
2007,Mahal Ko o Mahal Ako,Various Artists,Various Artists,Pop Ballad,3:53,Jungee Marcelo,Jungee Marcelo,Jungee Marcelo,
2007,Pusong Lito ,Myrus,Wanted: Just Alive,Pop,3:51,Myrus Apacible,Myrus Apacible,Myrus Apacible,
2008,Antukin,Rico Blanco,Your Universe,Alt Rock,4:01,Rico Blanco,Rico Blanco,Rico Blanco,
2008,Your Universe,Rico Blanco,Your Universe,Alt Rock,4:18,Rico Blanco,Rico Blanco,Rico Blanco,
2008,Penge Naman ng Sikreto,Itchyworms,Self-Titled,Alt Rock,4:01,Jazz Nicolas,Jazz Nicolas,The Itchyworms,
2008,Ang Huling El Bimbo,Eraserheads,Cutterpillow,Alt Rock,4:01,Ely Buendia,Ely Buendia,Robin Rivera,
2008,Ang Pag-ibig Kong Ito,Moonstar88,Todo Combo,Alt Rock,4:25,Venancio Satubig Jr.,Venancio Satubig Jr.,Moonstar88,
2008,Disconnection Notice,Puppil,Beautiful Machines,Alt Rock,4:01,Ely Buendia,Ely Buendia,Ely Buendia,
2008,A Very Special Love,Sarah Geronimo,Taking Flight,Pop,4:31,Jungee Marcelo,Jungee Marcelo,Jungee Marcelo,
2008,Please  Be Careful with My Heart,Christian Bautista & Sarah Geronimo,Taking Flight,Pop Ballad,4:26,Jose Mari Chan,Jose Mari Chan,Christian Bautista,
2008,Ikaw,Sarah Geronimo,Taking Flight,Pop,4:23,Sarah Geronimo,Sarah Geronimo,Sarah Geronimo,
2008,Very Special Love ,Sarah Geronimo,Taking Flight,Pop,3:23,Jungee Marcelo,Jungee Marcelo,Jungee Marcelo,
2008,If I'm Not in Love with You,Jennylyn Mercado,Love Is...,Pop Ballad,3:50,Diane Warren,Diane Warren,Jennylyn Mercado,
2008,Bakit Ba Minahal Kita ,Angeline Quinto,Angeline Quinto,Pop Ballad,4:20,Vehnee Saturno,Vehnee Saturno,Angeline Quinto,
2008,Sundo ,Yeng Constantino,Salamat,Pop Rock,4:12,Aia de Leon,Aia de Leon,Yeng Constantino,
2008,Tanging Yaman ,Various Artists,Tanging Yaman OST,Pop Gospel,4:11,Philip Gan / Manoling Francisco,Philip Gan,Various Producers,
2008,"Araw-Araw, Gabi-Gabi",MYMP,Beyond Acoustic,Acoustic Pop,3:41,Willy Cruz,Willy Cruz,MYMP,
2008,Di Na Ganun ,Constantino,Lapit,Pop Rock,4:53,Yeng Constantino,Yeng Constantino,Yeng Constantino,
2008,Halik,Aegis,Halik,Pinoy Rock,4:02,Celso Gabat Jr.,Celso Gabat Jr.,Aegis,
2008,Luha,Aegis,Halik,Pinoy Rock,4:35,Celso Gabat Jr.,Celso Gabat Jr.,Aegis,
2008,Basang-Basang Sa Ulan ,Aegis,Halik,Pinoy Rock,4:28,Celso Gabat Jr.,Celso Gabat Jr.,Aegis,
2008,Yugto,Rico Blanco,Your Universe,Alt Rock,4:15,Rico Blanco,Rico Blanco,Rico Blanco,
2008,Aitana,Rocksteddy,Ayos Lang Ako,Alt Rock,4:21,Teddy Corpuz,Teddy Corpuz,Rocksteddy,
2008,Boy Kulot,Rocksteddy,Ayos Lang Ako,Alt Rock,4:28,Teddy Corpuz,Teddy Corpuz,Rocksteddy,
2008,Kaibigan ,Chicosci,Chicosci,Alt Rock,4:41,Chicosci,Chicosci,Chicosci,
2008,Last Order ,Parokya ni Edgar,Bigotilyo,Alt Rock,3:32,Chito Miranda,Chito Miranda,Chito Miranda,
2008,Wag Mo Na Sana ,Parokya ni Edgar,Gulong Itlog Gulong,Alt Rock,5:05,Chito Miranda,Chito Miranda,Chito Miranda,
2008,Hala ,Bamboo,As The Music Plays,Alt Rock,4:15,Bamboo Mañalac,Bamboo Mañalac,Bamboo Mañalac,
2008,Walang Iba ,Ezra Band ,Single,Pop Rock,5:02,Ezra Band,Ezra Band,Ezra Band,
2008,Little Child,Bamboo,Light Peace Love,Alt Rock,3:53,Bamboo Mañalac,Bamboo Mañalac,Bamboo Mañalac,
2008,Selos,Sandwich,S Marks the Spot,Alt Rock,3:53,Raymund Marasigan,Raymund Marasigan,Raymund Marasigan,
2008,Kasalanan,6cyclemind,Home,Alt Rock,4:44,6cyclemind,6cyclemind,6cyclemind,
2008,Kailan ,Bamboo,We Stand Alone Together,Alt Rock,4:41,Bamboo Mañalac,Bamboo Mañalac,Bamboo Mañalac,
2008,If You Walk Away ,Rachelle Ann Go,I Care,Pop Ballad,4:05,Rachelle Ann Go,Rachelle Ann Go,Rachelle Ann Go,
2008,Alam ng Mondo,Rachelle Ann Go,Rachelle Ann Go,Pop Ballad,4:10,Rachelle Ann Go,Rachelle Ann Go,Rachelle Ann Go,
2008,Dahil Minahal Kita,Sarah Geronimo,Becoming,Pop,3:35,Sarah Geronimo,Sarah Geronimo,Sarah Geronimo,
2008,Ang Sa Iyo ay Akin,Aegis,Aegis: Greatest Hits,Pinoy Rock,4:05,Celso Gabat Jr.,Celso Gabat Jr.,Aegis,
2008,Captured,Christian Bautista,Captured,Pop Ballad,4:21,Christian Bautista,Christian Bautista,Christian Bautista,
2008,Bakit,Rocksteddy,Tsubtsatsubi,Alt Rock,4:54,Teddy Corpuz,Teddy Corpuz,Rocksteddy,
2008,Kung Fu Fighting ,Vhong Navarro,Totoy Bibbo,Novelty Pop,3:44,Carl Douglas,Carl Douglas,Vhong Navarro,
2008,Giling-Giling ,Willie Revillame,Boomataryo,Novelty,4:05,Willie Revillame,Willie Revillame,Willie Revillame,
2008,Boomataryo,Willie Revillame,Boomataryo,Novelty,4:10,Lito Camo,Lito Camo,Willie Revillame,
2008,Darna Theme ,Regine Velasquez,Single,Pop Ballad,3:18,Barry De Vorzon,Barry De Vorzon,Regine Velasquez,
2008,May Bukas Pa,Kyle Balasbas,Single,Pop Ballad,4:21,Charo Unite,Charo Unite,Kyle Balasbas,
2008,Teacher's Pet,Pupil,Wildlife,Alt Rock,4:15,Ely Buendia,Ely Buendia,Ely Buendia,
2008,Blow-Up,Pupil,Beautiful Machines,Alt Rock,3:13,Ely Buendia,Ely Buendia,Ely Buendia,
2008,Kalayaan ,Bamboo,Tomorrow Becomes Yesterday,Alt Rock,4:20,Bamboo Mañalac,Bamboo Mañalac,Bamboo Mañalac,
2008,Kailan ,Bamboo,We Stand Alone Together,Alt Rock,3:51,Bamboo Mañalac,Bamboo Mañalac,Bamboo Mañalac,
2008,Magasin (Live),Eraserheads,Eraserheads: The Reunion Concert,Alt Rock,4:58,Ely Buendia,Ely Buendia,Robin Rivera,
2008,Prosthetic Love,Chicosci,Fly Blackbird,Alt Rock,3:49,Chicosci,Chicosci,Chicosci,
2008,One Look ,Kjwan,Kjwan,Alt Rock,3:57,Kjwan,Kjwan,Kjwan,
2008,First of Summer,Urbandub,Embrace,Alt Rock,5:14,Gabby Alipe,Gabby Alipe,Gabby Alipe,
2009,Upuan,Gloc-9 feat. Jeazel Grutas,Matrikula,Pinoy Hip Hop,4:00,Aristotle Pollisco,Aristotle Pollisco,Aristotle Pollisco,
2009,Martilyo ,Gloc-9,Matrikula,Pinoy Hip Hop,4:11,Aristotle Pollisco,Aristotle Pollisco,Aristotle Pollisco,
2009,Balita ,Gloc-9 feat. Gabby Alipe ,Matrikula,Pinoy Hip Hop,3:27,Aristotle Pollisco,Aristotle Pollisco,Aristotle Pollisco,
2009,Carino Brutal,Slapshock,Cariño Brutal EP,Metalcore Nu Metal,4:01,Slapshock,Slapshock,Slapshock,
2009,Castaway,Franco,Franco,Alt Rock,4:44,Franco Reyes,Franco Reyes,Franco Reyes,
2009,Di Na Mababawi,Sponge Cola,Sponge Cola,Alt Rock,4:26,Gosh Dilay,Gosh Dilay,Sponge Cola,
2009,Diamond Shotgun,Chicosci,Fly Blackbird,Alt Rock,4:13,Chicosci,Chicosci,Chicosci,
2009,Radical,6cyclemind,Home,Alt Rock,4:01,6cyclemind,6cyclemind,6cyclemind,
2009,Back To Love,Quest,Life of a Champion,R&B Soul,4:30,Jose Villanueva III,Jose Villanueva III,Quest,
2009,Lapit,Yeng Constantino,Lapit,Pop Rock,4:28,Yeng Constantino,Yeng Constantino,Yeng Constantino,
2009,Jeepney Love Story,Yeng Constantino,Lapit,Pop Rock,4:24,Yeng Constantino,Yeng Constantino,Yeng Constantino,
2009,Wag Kang Magtanong,Yeng Constantino,Lapit,Pop Rock,4:26,Yeng Constantino,Yeng Constantino,Yeng Constantino,
2009,Dahil Minamahal Kita,Sarah Geronimo,Music and Me,Pop,4:28,Sarah Geronimo,Sarah Geronimo,Sarah Geronimo,
2009,Right Here Waiting,Sarah Geronimo,Music and Me,Pop Ballad,3:51,Richard Marx,Richard Marx,Sarah Geronimo,
2009,You Changed My Life In A Moment,Sarah Geronimo,Music and Me,Pop,4:52,Sarah Geronimo,Sarah Geronimo,Sarah Geronimo,
2009,Bukas Na Lang Kita Mamahalin,Lani Misalucha,Loving You,Pop Ballad,4:34,Vehnee Saturno,Vehnee Saturno,Lani Misalucha,
2009,Simulan Mo,6cyclemind,Fiesta!,Alt Rock,5:16,6cyclemind,6cyclemind,6cyclemind,
2009,Lipad,6cyclemind,Project: 6cyclemind,Alt Rock,4:03,6cyclemind,6cyclemind,6cyclemind,
2009,Tao,Bamboo,As The Music Plays,Alt Rock,4:14,Sampaguita,Sampaguita,Bamboo Mañalac,
2009,Kailan,Bamboo,We Stand Alone Together,Alt Rock,4:24,Bamboo Mañalac,Bamboo Mañalac,Bamboo Mañalac,
2009,Gathering Force,Franco,Franco,Alt Rock,4:28,Franco Reyes,Franco Reyes,Franco Reyes,
2009,Memory Lane,Franco,Franco,Alt Rock,3:42,Franco Reyes,Franco Reyes,Franco Reyes,
2009,Araw-Araw  ,Sponge Cola,Sponge Cola,Alt Rock,4:35,Gosh Dilay,Gosh Dilay,Sponge Cola,
2009,Bahaghari,Sponge Cola,Araw Oras Tagpuan,Alt Rock,3:53,Gosh Dilay,Gosh Dilay,Sponge Cola,
2009,Different ,Kamikazee,Maharot,Alt Rock,3:52,Kamikazee,Kamikazee,Kamikazee,
2009,Unang Tikim,Kamikazee,Long Time No See,Alt Rock,4:21,Kamikazee,Kamikazee,Kamikazee,
2009,Bata  ,Yeng Constantino,Journey,Pop Rock,4:54,Yeng Constantino,Yeng Constantino,Yeng Constantino,
2009,Siglo,Yeng Constantino,Lapit,Pop Rock,4:21,Yeng Constantino,Yeng Constantino,Yeng Constantino,
2009,Something New In My Life,Sarah Geronimo,One Heart,Pop,4:01,Sarah Geronimo,Sarah Geronimo,Sarah Geronimo,
2009,Record Breaker,Sarah Geronimo,Music and Me,Pop,4:36,Sarah Geronimo,Sarah Geronimo,Sarah Geronimo,
2009,Paano Kita Iibigin,Piolo Pascual & Regine Velasquez,Paano Kita Iibigin OST,Pop Ballad,4:23,Ogie Alcasid,Ogie Alcasid,Regine Velasquez,
2009,Dahil May Isang Ikaw,Vina Morales,Vina Morales (2003),Pop Ballad,4:15,Vehnee Saturno,Vehnee Saturno,Vina Morales,
2009,Suddenly It's Magic,Erik Santos,The Gift,Pop Ballad,4:56,Erik Santos,Erik Santos,Erik Santos,
2009,Maling Akala,Itchyworms,Noontime Show,Alt Rock,3:41,Ely Buendia,Ely Buendia,The Itchyworms,
2009,Pare Ko,Sponge Cola,Sponge Cola,Alt Rock,4:26,Ely Buendia,Ely Buendia,Sponge Cola,
2009,The Bobo Song,Gloc-9 feat. Loonie,Talumpati,Pinoy Hip Hop,3:11,Aristotle Pollisco,Aristotle Pollisco,Aristotle Pollisco,
2009,Sumayaw Ka,Gloc-9,Matrikula,Pinoy Hip Hop,3:41,Aristotle Pollisco,Aristotle Pollisco,Aristotle Pollisco,
2009,Makapiling Ka,Sponge Cola,Sponge Cola,Alt Rock,4:28,Gosh Dilay,Gosh Dilay,Sponge Cola,
2009,Picture Picture,Tanya Markova,Tanya Markova,Alt Rock,3:32,Tanya Markova,Tanya Markova,Tanya Markova,
2009,Too Much Love Will Kill You,Jovit Baldivino,Faithfully,Pop Ballad,4:24,Brian May / Freddie Mercury,Brian May,Jovit Baldivino,
2009,Breathe Again,Chicosci,Fly Blackbird,Alt Rock,4:06,Chicosci,Chicosci,Chicosci,
2009,Ituloy Mo Lang,Siakol,Hayan Na Ang Siakol,Pinoy Rock,4:01,Siakol,Siakol,Siakol,
2009,Pakiusap Lang (Lasingin Niyo Ako),Parokya ni Edgar,Middle-Aged Juvenile Novelty Pop Rockers,Alt Rock,3:29,Chito Miranda,Chito Miranda,Chito Miranda,
2009,Meron Ba,Kjwan,2StepMarv,Alt Rock,3:35,Kjwan,Kjwan,Kjwan,
2009,OMG,Karylle,Roadshow,Pop,4:28,Karylle,Karylle,Karylle,
2009,With a Smile,Aiza Seguerra,Songs from the Vault,Acoustic Pop,3:11,Ely Buendia,Ely Buendia,Aiza Seguerra,
2009,Star Ng Pasko,AIza Seguerra & Yeng Constantino,Single,Pop,4:26,Robert Labayen,Robert Labayen,Robert Labayen,
2009,Dota o Ako,Aikee & Sabrina,Single,Pinoy Hip Hop,4:24,Aikee,Aikee,Aikee,
2009,Fall In Love Again,Amber Davis,Amber,R&B / Pop,3:54,Amber Davis,Amber Davis,Amber Davis,
2009,Lipad Ng Pangarap,Angeline Quinto & Regine Velasquez,Angeline Quinto,Pop Ballad,4:21,Arnel De Pano,,Jonathan Manalo,